"10.1109/cisti.2014.6877021", "Proposal for basic contents the subjects of Database in graduate studies in computer science at the Spanish universities adapted to the EHEA; [Propuesta de contenidos básicos para la/las asignatura/s de Bases de Datos en los estudios de Grado en Informática en las universidades españolas adaptadas al EEES]", "Iberian Conference on Information Systems and Technologies, CISTI", "2014", "Conference paper", ""Contreras J.A.; Arias J.; Luengo R.; Casas L.M."
"10.1007/s12652-022-04039-w", "Retraction Note to: An improved memory adaptive up-growth to mine high utility itemsets from large transaction databases(Journal of Ambient Intelligence and Humanized Computing, (2020), 12, (3841–3850), 10.1007/s12652-020-01706-8)", "Journal of Ambient Intelligence and Humanized Computing", "2023", "Erratum", ""Sathyavani D.; Sharmila D."
"10.3844/jcssp.2024.1744.1752", "Adaptivity in Role-Based Access Control During Stochastic Situations: A Comprehensive Study between Graph and Relational Databases", "Journal of Computer Science", "2024", "Article", ""Srivastava K.; Jain D.; Kamdar A.; Yeole A.; Shah D.; Dadheech S."
"10.1016/j.calphad.2011.06.003", "Calculating optimal conditions for alloy and process design using thermodynamic and property databases, the FactSage software and the Mesh Adaptive Direct Search algorithm", "Calphad: Computer Coupling of Phase Diagrams and Thermochemistry", "2012", "Article", ""Gheribi A.E.; Audet C.; Le Digabel S.; Blisle E.; Bale C.W.; Pelton A.D."
"10.3724/sp.j.1016.2011.00812", "An adaptive query relaxation approach for relational databases based on semantic similarity", "Jisuanji Xuebao/Chinese Journal of Computers", "2011", "Article", ""Meng X.-F.; Yan L.; Ma Z.-M.; Zhang F.; Wang X."
"10.1109/itnec.2019.8729341", "Adaptive compression algorithm selection using LSTM network in column-oriented database", "Proceedings of 2019 IEEE 3rd Information Technology, Networking, Electronic and Automation Control Conference, ITNEC 2019", "2019", "Conference paper", ""Jin Y.; Fu Y.; Liu T.; Dong L."
"10.1007/978-3-642-37463-0_27", "Fuzzy clustering of image trademark database and pre-processing using adaptive filter and Karhunen-Loève transform", "Communications in Computer and Information Science", "2013", "Conference paper", ""Nigam A.; Indoria A.; Tripathi R.C."
"10.1109/icecds.2017.8389657", "Adaptive endstate concurrency control real-time distributed database", "2017 International Conference on Energy, Communication, Data Analytics and Soft Computing, ICECDS 2017", "2018", "Conference paper", ""Khatib M.S.; Atique M."
"10.3390/app10061915", "SAHA: A string adaptive hash table for analytical databases", "Applied Sciences (Switzerland)", "2020", "Article", ""Zheng T.; Zhang Z.; Cheng X."
"10.1142/s0219876219500361", "An Adaptive Parallel PI-Skyline Query for Probabilistic and Incomplete Database", "International Journal of Computational Methods", "2020", "Article", ""Liu Z.; Zeng Y.; He S.; Zhou Y."
"10.1007/978-3-030-11928-7_71", "Toward adaptive and reusable learning content using XML dynamic labeling schemes and relational databases", "Advances in Intelligent Systems and Computing", "2019", "Conference paper", ""Bousalem Z.; El Guabassi I.; Cherti I."
"10.1109/isctis65944.2025.11065324", "An Adaptive Split Index Scheme for In-Memory Database Systems", "2025 5th International Symposium on Computer Technology and Information Science, ISCTIS 2025", "2025", "Conference paper", ""Song H."
"10.1080/17415977.2020.1745792", "A synthesis method for path generation of a planar five-bar mechanism based on dynamic self-adaptive atlas database", "Inverse Problems in Science and Engineering", "2020", "Article", ""Sun J.; Xue N.; Liu W.; Chu J."
"10.1109/icastech.2011.6145155", "Towards an adaptive multi-agent architecture for association rule mining in distributed databases", "3rd IEEE International Conference on Adaptive Science and Technology, ICAST 2011, Proceedings", "2011", "Conference paper", ""Ogunde A.O.; Folorunso O.; Sodiya A.S.; Oguntuase J.A."
"10.2316/p.2012.789-034", "An adaptive load-sensing priority assignment protocol for real-time distributed database systems", "Proceedings of the IASTED International Conference on Parallel and Distributed Computing and Systems", "2012", "Conference paper", ""Haque W.; Mahmud S.N."
"10.1109/ictc66702.2025.11388468", "PureChain DBMS: A Zero-Gas Blockchain Database Management System with Adaptive Compression", "International Conference on ICT Convergence", "2025", "Conference paper", ""Angelo O.P.; Ahakonye L.A.C.; Lee J.M.; Kim D.-S."
"10.5194/isprs-archives-xlviii-4-w10-2024-101-2024", "Towards a multi-database CityGML environment adapted to big geodata issues of urban digital twins", "International Archives of the Photogrammetry, Remote Sensing and Spatial Information Sciences - ISPRS Archives", "2024", "Conference paper", ""Kasprzyk J.-P.; Nys G.-A.; Billen R."
"10.1016/j.chemolab.2015.05.024", "Adaptive database management based on the database monitoring index for long-term use of adaptive soft sensors", "Chemometrics and Intelligent Laboratory Systems", "2015", "Article", ""Kaneko H.; Funatsu K."
"10.1109/icicct.2018.8473136", "Adapting Deep Features for Scene Recognition utilizing Places Database", "Proceedings of the International Conference on Inventive Communication and Computational Technologies, ICICCT 2018", "2018", "Conference paper", ""Raturi R."
"10.1109/ic363308.2025.10956503", "A Strong and Adaptable Watermarking Methodology for Relational Databases", "2025 International Conference on Intelligent Control, Computing and Communications, IC3 2025", "2025", "Conference paper", ""Siri D.; Sangeetha S.; Kalaiselvi P.; Devayanai V.C.; Aljawahry H.M.M.; Behl R."
"10.35940/ijitee.i1117.0789s219", "An adaptive multiple databases for rough set based record deduplication", "International Journal of Innovative Technology and Exploring Engineering", "2019", "Article", ""Ravikanth M.; Vasumathi D."
"10.1007/s10596-013-9361-3", "A priori testing of sparse adaptive polynomial chaos expansions using an ocean general circulation model database", "Computational Geosciences", "2013", "Article", ""Winokur J.; Conrad P.; Sraj I.; Knio O.; Srinivasan A.; Thacker W.C.; Marzouk Y.; Iskandarani M."
"10.1109/cicn63059.2024.10847505", "Energy-Efficient Green Database Systems: Adaptive Resource Allocation in Cloud Platforms", "Proceedings - 2024 IEEE 16th International Conference on Communication Systems and Network Technologies, CICN 2024", "2024", "Conference paper", ""Patra A.; Kashyap A.; Ida Seraphim B."
"10.1016/j.bica.2018.01.002", "Emotion recognition from Marathi speech database using adaptive artificial neural network", "Biologically Inspired Cognitive Architectures", "2018", "Article", ""Darekar R.V.; Dhande A.P."
"10.1109/frse58934.2023.00033", "Joint Workload Forecasting and Configuration Tuning to Achieve Cloud Database Performance Adaptation", "Proceedings - 2023 International Conference on Frontiers of Robotics and Software Engineering, FRSE 2023", "2023", "Conference paper", ""Wang H.; Gao R.; Zhang C.; Wang L.; Li H."
"10.1109/iccsn.2017.8230111", "Database-based dynamic spectrum sharing with service adaptation using OMNeT++ simulator", "2017 9th IEEE International Conference on Communication Software and Networks, ICCSN 2017", "2017", "Conference paper", ""Li T.; Li L.; Kong L."
"10.1109/isps.2015.7244977", "Adaptation of language model of information retrieval for empty answers problem in databases", "12th International Symposium on Programming and Systems, ISPS 2015", "2015", "Conference paper", ""Chellal A.; Amrouche K."
"10.3390/electronics13081470", "Multi-Representation Joint Dynamic Domain Adaptation Network for Cross-Database Facial Expression Recognition", "Electronics (Switzerland)", "2024", "Article", ""Yan J.; Yue Y.; Yu K.; Zhou X.; Liu Y.; Wei J.; Yang Y."
"10.1109/icacr55854.2022.9935532", "An Adaptive Update Algorithm for Fingerprint Database Based on Validity Detection", "2022 6th International Conference on Automation, Control and Robots, ICACR 2022", "2022", "Conference paper", ""Zhang C.; Chen X.; Xu X.; Peng A."
"10.1109/cmss66566.2025.11182451", "Adaptive Auto-Scaling of Distributed Databases on Cloud Platforms via Reinforcement Learning-based Resource Optimization", "Proceedings of International Conference on Modern Sustainable Systems, CMSS 2025", "2025", "Conference paper", ""Zheng Y.; Yao J."
"10.1016/j.culher.2022.09.015", "A database approach to examine the relation between function and interventions in the adaptive reuse of industrial heritage", "Journal of Cultural Heritage", "2022", "Article", ""Yasemin Çakır H.; Edis E."
"10.1109/iwt.2015.7224554", "Channel allocation in Cognitive Radio networks based on a predictive and adaptive database", "IWT 2015 - 2015 International Workshop on Telecommunications", "2015", "Conference paper", ""Ribeiro S.M.; Centeno L.L.R.; De Castro M.C.F.; De Castro F.C.C.; Muller C."
"10.1155/2014/658149", "Adapting a database of text messages to a mobile-based weight loss program: The case of the middle east", "International Journal of Telemedicine and Applications", "2014", "Conference paper", ""Limam Mansar S.; Jariwala S.; Behih N.; Shahzad M.; Anggraini A."
"10.1109/sisimpact67725.2025.11439258", "Scalable Machine Learning Feedback System for Adaptive Database Index Tuning Using Random Forest and Multi-Layer Perceptron Models", "Proceedings - 2025 IEEE 1st International Conference on Smart Innovations in Systems, Infrastructure, Mechanical, Power, AI and Computing Technologies, SISIMPACT 2025", "2025", "Conference paper", ""Khan A.; Vamshi Babu K.V.; Kumar L.; Joseph Jeyakumar D.J.; Swapna T.; Sharada K."
"10.1016/j.csbj.2023.06.008", "PopTradeOff: A database for exploring population-specificity of adaptive evolution, disease susceptibility, and drug responsiveness", "Computational and Structural Biotechnology Journal", "2023", "Article", ""Tang J.; Zhang H.; Zhang H.; Zhu H."
"10.1109/icces67310.2025.11336962", "Adaptive Resource Management in Cloud-Native Databases: A Study of Autonomous Scaling and Query Optimization", "Proceedings of 10th International Conference on Communication and Electronics Systems, ICCES 2025", "2025", "Conference paper", ""Sundaramoorthy P.; Parikh M.; Keshireddy S.R.; Penumatcha A.K.; Jayabalan K."
"10.17163/ings.n24.2020.06", "Detection of sudden cardiac death using the adaptive spectral method on the T wave: An experimental study on public databases; [Detección de la muerte súbita cardíaca usando el método espectral adaptativo sobre la onda T: Estudio experimental sobre bases de datos públicas]", "Ingenius", "2020", "Article", ""Flores-Calero M.; Pilla-Barroso M."
"10.1109/icisct.2017.8188572", "Methods and algorithms of determination of complexity of test questions for formation a database system of the adaptive test-control of knowledge", "2017 International Conference on Information Science and Communications Technologies, ICISCT 2017", "2017", "Conference paper", ""Khidirova Ch.M."
"10.1108/compel-12-2014-0348", "The combination of adaptive database SDM and multi-output SVM for eddy current testing", "COMPEL - The International Journal for Computation and Mathematics in Electrical and Electronic Engineering", "2015", "Article", ""Chelabi M.; Hacib T.; Belli Z.; Mekideche M.R.; Le Bihan Y."
"10.1007/978-3-030-16962-6_7", "Adaptive artificial neural network based marathi speech database emotion recognition", "Techno-Societal 2018 - Proceedings of the 2nd International Conference on Advanced Technologies for Societal Applications", "2020", "Conference paper", ""Palange L.A.; Darekar R.V."
"10.4018/978-1-4666-2455-9.ch028", "A Highly Scalable and Adaptable Co-Learning Framework on Multimodal Data Mining in a Multimedia Database", "Data Mining: Concepts, Methodologies, Tools, and Applications: Volume 1-4", "2012", "Book chapter", ""Zhang Z.M.; Guo Z.; Faloutsos C.; Tim Pan J.-Y."
"10.1007/978-981-13-8676-3_22", "Database Intrusion Detection Using Adaptive Resonance Network Theory Model", "Advances in Intelligent Systems and Computing", "2020", "Conference paper", ""Brahma A.; Panigrahi S."
"10.1109/icaft66710.2025.11452944", "An Intelligent Intrusion Detection and Database Monitoring System for Adaptive Cyber Defense", "2025 1st International Conference on Advancement in Futuristic Technologies, ICAFT 2025", "2025", "Conference paper", ""Shah J.; Dhavale S."
"10.1007/978-981-13-1423-0_20", "Analyzing the effect of database dimensionality on performance of adaptive apriori algorithm", "Communications in Computer and Information Science", "2018", "Conference paper", ""Patil S.D.; Deshmukh R.R.; Kirange D.K.; Waghmare S."
"10.1017/pds.2023.330", "SYSTEMATIC CLASSIFICATION OF ADAPTIVE FAÇADES - PREPARING A DATABASE", "Proceedings of the Design Society", "2023", "Conference paper", ""Voigt M.P.; Roth D.; Kreimeyer M."
"10.1109/ngdn66208.2025.11182091", "Research on Adaptive Authentication Method for Access Permissions of Embedded Encryption Database System", "2025 7th International Conference on Next Generation Data-Driven Networks, NGDN 2025", "2025", "Conference paper", ""Liu Y.; Du S.; Tang P.; Tang Z.; Chen W.; Li S."
"10.1021/acs.jctc.5b00474", "Efficient Use of an Adapting Database of Ab Initio Calculations to Generate Accurate Newtonian Dynamics", "Journal of Chemical Theory and Computation", "2016", "Article", ""Shaughnessy M.C.; Jones R.E."
"10.1155/2022/3334047", "An Adaptive Recommendation Algorithm of Intelligent Clothing Design Elements Based on Large Database", "Mobile Information Systems", "2022", "Article", ""Cui X."
"10.1109/icsess.2018.8663887", "ACTDP: An Adaptive Chunk Tool for Database Partition in Shared-Nothing Distributed Database", "Proceedings of the IEEE International Conference on Software Engineering and Service Sciences, ICSESS", "2018", "Conference paper", ""Huang X.; Shen Z."
"10.1088/0266-5611/28/6/065001", "Towards adapting a normal patient database for SPECT brain perfusion imaging", "Inverse Problems", "2012", "Article", ""Smith N.D.; Holmes R.B.; Soleimani M.; Evans M.J.; Cade S.C.; Mitchell C.N."
"10.1109/icde.1984.7271309", "Ah adaptive concurrency control strategy for distributed database systems", "Proceedings - International Conference on Data Engineering", "2015", "Conference paper", ""Sheth A.P.; Singhal A.; Liu M.T."
"10.1109/siet.2017.8304164", "Tahani model of fuzzy database for an adaptive metacognitive scaffolding in Hypermedia Learning Environment (Case: Algorithm and structure data course)", "Proceedings - 2017 International Conference on Sustainable Information Engineering and Technology, SIET 2017", "2017", "Conference paper", ""Nurlayli A.; Adji T.B.; Permanasari A.E.; Hidayah I."
"10.1109/iset65607.2025.00011", "AI-Enhanced Paragraph Retrieval in Academic Databases: Empirical Evaluation of Stability, Robustness, and Adaptive Optimization for Smart Learning Environments", "Proceedings - 2025 International Symposium on Educational Technology, ISET 2025", "2025", "Conference paper", ""Yang W.; Chookhampaeng C.; Chano J."
"10.1038/s41597-025-06293-x", "Adaptive immune response to West Nile virus infection in the Collaborative Cross mouse model: A database of cellular phenotypes and Quantitative Trait Loci", "Scientific Data ", "2025", "Article", ""Chamberlin S.; Graham J.; Jeng S.; Swarts J.; Ferris M.; Heise M.; Baric R.S.; McWeeney S.; Lund J.; Mooney M."
"10.1016/j.conengprac.2024.105843", "Database-driven model predictive control system for online adaptation of an autonomous excavator to environmental conditions", "Control Engineering Practice", "2024", "Article", ""Okada T.; Yamamoto T.; Doi T.; Koiwai K.; Yamashita K."
"10.1109/ftc.2016.7821749", "Business intelligence: Self adapting and prioritizing database algorithm for providing big data insight in domain knowledge and processing of volume based instructions based on scheduled and contextual shifting of data", "FTC 2016 - Proceedings of Future Technologies Conference", "2017", "Conference paper", ""Hameed M.; Qamar U.; Akram U."
"10.3390/electronics13061107", "Advancing Borehole Imaging: A Classification Database Developed via Adaptive Ring Segmentation", "Electronics (Switzerland)", "2024", "Article", ""Deng Z.; Han S.; Liu Z.; Wang J.; Zhao H."
"10.1007/978-1-4614-6409-9", "An adaptive intelligent fuzzy logic classifier for data security and privacy in large databases", "SmartData: Privacy Meets Evolutionary Robotics", "2013", "Book chapter", ""Mohammadian M.; Hatzinakos D."
"10.1007/978-981-15-6014-9_60", "Multiresolution Adaptive Threshold Based Segmentation of Real-Time Vision-Based Database for Human Motion Estimation", "Advances in Intelligent Systems and Computing", "2021", "Conference paper", ""Mahajan R.; Devanand"
"10.1038/s41597-020-0465-z", "FiCli, the Fish and Climate Change Database, informs climate adaptation and management for freshwater fishes", "Scientific Data", "2020", "Data paper", ""Krabbenhoft T.J.; Myers B.J.E.; Wong J.P.; Chu C.; Tingley R.W., III; Falke J.A.; Kwak T.J.; Paukert C.P.; Lynch A.J."
"10.1109/iccci.2015.7218122", "An empirical performance for adaptive keyword query searching in co-related databases", "2015 International Conference on Computer Communication and Informatics, ICCCI 2015", "2015", "Conference paper", ""Bilimoria D.M.; Patel P.A."
"10.1109/chicc.2014.6896680", "Self-adapting multi-fingerprints joint indoor positioning algorithm in WLAN based on database of AP ID", "Proceedings of the 33rd Chinese Control Conference, CCC 2014", "2014", "Conference paper", ""Xu J.-B.; Zhang H.-Q.; Zhang J.-L."
"10.1109/icdcece57866.2023.10150481", "The Smart Development with Dynamic Recollection Adaptive Loom for Frequent Pattern Monitoring in Large Scale Databases", "2nd IEEE International Conference on Distributed Computing and Electrical Circuits and Electronics, ICDCECE 2023", "2023", "Conference paper", ""Sindhu Madhuri G.; Mahesh T.R."
"10.1109/smart55829.2022.10047441", "Adaptive Admission Control Policy in Distributed Real Time Database System", "Proceedings of the 2022 11th International Conference on System Modeling and Advancement in Research Trends, SMART 2022", "2022", "Conference paper", ""Chauhan N.R.; Dwivedi R.K."
"10.1117/12.3031288", "Research on intelligent penetration mechanism of netgap data based on database adaptive matching", "Proceedings of SPIE - The International Society for Optical Engineering", "2024", "Conference paper", ""Wu R.; Xu Z.; Liu X.; Liu W.; Liu L."
"10.30534/ijatcse/2018/04732018", "An adaptive model for knowledge mining in databases “EMO_MINE” for tweets emotions classification", "International Journal of Advanced Trends in Computer Science and Engineering", "2018", "Article", ""Makki I.S.; Alqurashi F."
"10.1016/j.promfg.2015.07.229", "Childhood-home-injury-situation Simulation Adaptable to an Individual Environment Based on Child Physical Model and Injury Semantic Structure Database", "Procedia Manufacturing", "2015", "Conference paper", ""Nishida Y.; Nakazato D.; Kitamura K.; Mizoguchi H.; Yamanaka T."
"10.32604/cmc.2023.033182", "An Adaptive Privacy Preserving Framework for Distributed Association Rule Mining in Healthcare Databases", "Computers, Materials and Continua", "2023", "Article", ""Kuba H.K.; Azzawi M.A.; Darwish S.M.; Hassen O.A.; Abdulhussein A.A."
"10.1117/12.3008799", "Deep learning-based image quality adaptation for die-to-database defect inspection", "Proceedings of SPIE - The International Society for Optical Engineering", "2024", "Conference paper", ""Fukuda K.; Ishikawa M.; Yoshida Y.; Fukaya K.; Kagetani R.; Shindo H."
"10.1109/icissec.2015.7371040", "Visualization of spatial data adaptive to changes in the database structure", "2015 IEEE 2nd International Conference on InformationScience and Security, ICISS 2015", "2016", "Conference paper", ""Belyakov S.; Belyakova M.; Glushkov A."
"10.5194/isprsarchives-xl-3-w3-61-2015", "Change detection and land use / Land cover database updating using image segmentation, gis analysis and visual interpretation", "International Archives of the Photogrammetry, Remote Sensing and Spatial Information Sciences - ISPRS Archives", "2015", "Conference paper", ""Mas J.-F.; González R."
"10.1109/comnetsat63286.2024.10862087", "Development of SQL and NoSQL Database Integration Using Query Direct Access and Change Data Capture Approaches in an Android Application", "COMNETSAT 2024 - IEEE International Conference on Communication, Networks and Satellite", "2024", "Conference paper", ""Rifqi M.A.; Husodo A.Y.; Wijayanto H."
"10.3390/app15010240", "Assessing Land Cover Changes Using the LUCAS Database and Sentinel Imagery: A Comparative Analysis of Accuracy Metrics", "Applied Sciences (Switzerland)", "2025", "Article", ""Hejmanowska B.; Kramarczyk P."
"10.1038/s41597-022-01318-1", "A global database of land management, land-use change and climate change effects on soil organic carbon", "Scientific Data", "2022", "Data paper", ""Beillouin D.; Demenois J.; Cardinael R.; Berre D.; Corbeels M.; Fallot A.; Boyer A.; Feder F."
"10.3103/s0147688223010100", "Evaluation of Indicators of an Industrial Ecological Problem in the Bibliographical Database (Exemplified by Influence of Refrigerating Equipment on Global Climate Change)", "Scientific and Technical Information Processing", "2023", "Article", ""Ermolaev V.A.; Mikhailenko A.V.; Ruban D.A."
"10.5334/johd.184", "A Mixtec Sound Change Database", "Journal of Open Humanities Data", "2024", "Article", ""Auderset S.; Campbell E.W."
"10.1109/iccsnt.2011.6182322", "Log change accumulation adopted for database recovery", "Proceedings of 2011 International Conference on Computer Science and Network Technology, ICCSNT 2011", "2011", "Conference paper", ""Zhuang L.; Gao Z.; Zhou X.; Li X."
"10.1117/12.3032810", "Dynamic template-based data processing system for database table changes", "Proceedings of SPIE - The International Society for Optical Engineering", "2024", "Conference paper", ""Zuo R.; Yang K.; Dong Q.; Wang Y."
"10.5194/isprsarchives-xl-2-21-2014", "A conceptual modeling of spatio-temporal database to estimate runoff changes in Urbanized watersheds", "International Archives of the Photogrammetry, Remote Sensing and Spatial Information Sciences - ISPRS Archives", "2014", "Conference paper", ""Schäfer A.L."
"10.5334/johd.322", "Mixtec Sound Change Database 2.0: Integrating Tone Change", "Journal of Open Humanities Data", "2025", "Data paper", ""Auderset S."
"10.1038/s41597-020-00661-5", "A global database of plant production and carbon exchange from global change manipulative experiments", "Scientific Data", "2020", "Data paper", ""Song J.; Ru J.; Zheng M.; Wang H.; Fan Y.; Yue X.; Yu K.; Zhou Z.; Shao P.; Han H.; Lei L.; Zhang Q.; Li X.; Su F.; Zhang K.; Wan S."
"10.1007/978-3-319-19950-4_10", "Development of a nationwide road change database for the U.S. in the post-recession years (2008–2012)", "Advances in Geographic Information Science", "2015", "Conference paper", ""Brown C.L.B.; Yao X.A."
"10.1016/j.isprsjprs.2020.02.019", "Conterminous United States land cover change patterns 2001–2016 from the 2016 National Land Cover Database", "ISPRS Journal of Photogrammetry and Remote Sensing", "2020", "Article", ""Homer C.; Dewitz J.; Jin S.; Xian G.; Costello C.; Danielson P.; Gass L.; Funk M.; Wickham J.; Stehman S.; Auch R.; Riitters K."
"10.1038/s41597-020-0465-z", "FiCli, the Fish and Climate Change Database, informs climate adaptation and management for freshwater fishes", "Scientific Data", "2020", "Data paper", ""Krabbenhoft T.J.; Myers B.J.E.; Wong J.P.; Chu C.; Tingley R.W., III; Falke J.A.; Kwak T.J.; Paukert C.P.; Lynch A.J."
"10.2196/64577", "Changes in Reproductive Health Information-Seeking Behaviors After the Dobbs Decision: Systematic Search of the Wikimedia Database", "JMIR Infodemiology", "2024", "Article", ""Lemieux M.; Zhou C.; Cary C.; Kelly J."
"10.1109/hnicem.2014.7016204", "An Android phone Application for a health monitoring system with integrated medical devices and localized health information and database for healthy lifestyle changes", "2014 International Conference on Humanoid, Nanotechnology, Information Technology, Communication and Control, Environment and Management, HNICEM 2014 - 7th HNICEM 2014 Joint with 6th International Symposium on Computational Intelligence and Intelligent Informatics, co-located with 10th ERDT Conference", "2014", "Conference paper", ""Chua J.E.; Zaldua J.A.; Sevilla T.J.; Tapel M.J.; Orlino M.R.; Daniel Camilo R.; Manuela L.-R.C."
"10.1115/detc2011-48335", "A Knowledge Discovery in Databases (KDD) approach for extracting causes of iterations in Engineering Change Orders", "Proceedings of the ASME Design Engineering Technical Conference", "2011", "Conference paper", ""Elezi F.; Sharafi A.; Mirson A.; Wolf P.; Krcmar H.; Lindemann U."
"10.1007/978-3-642-35473-1_58", "Efficiently Extracting Change Data from Column Oriented NoSQL Databases", "Smart Innovation, Systems and Technologies", "2013", "Article", ""Hu Y.; Qu W."
"10.26868/25222708.2023.1191", "Establishment of DGP change curve database of office building in Shanghai", "Building Simulation Conference Proceedings", "2023", "Conference paper", ""Lian X.; Zhu H.; He B.; Li Z."
"10.1016/j.csbj.2022.11.009", "SoluProtMutDB: A manually curated database of protein solubility changes upon mutations", "Computational and Structural Biotechnology Journal", "2022", "Data paper", ""Velecký J.; Hamsikova M.; Stourac J.; Musil M.; Damborsky J.; Bednar D.; Mazurenko S."
"10.23919/fruct67853.2025.11239276", "Database Analytics and Performance on Dataset of Global Temperature Changes (1970 - 2021)", "Conference of Open Innovation Association, FRUCT", "2025", "Conference paper", ""Staron T.; Kvet M."
"10.1109/icisa.2014.6847346", "A tool for test case impact analysis of database schema changes using use cases", "ICISA 2014 - 2014 5th International Conference on Information Science and Applications", "2014", "Conference paper", ""Jainae J.; Suwannasart T."
"10.1109/mlsd61779.2024.10739603", "NPP Upper Level Control System Databases: The Problem of Making Changes", "Proceedings of 2024 17th International Conference on Management of Large-Scale System Development, MLSD 2024", "2024", "Conference paper", ""Baybulatov A.; Poletikin A.; Byvaykov M."
"10.1038/s41597-025-05976-9", "A global database on land use and management change effects on soil KMnO4-oxidisable organic carbon (POXC)", "Scientific Data ", "2025", "Article", ""Chéron-Bessou C.; Beillouin D.; Thoumazeau A.; Chapuis-Lardy L.; Chevallier T.; Demenois J.; Nelson P.N."
"10.1007/s12109-024-09991-3", "Analyzing the Degree of Changes in Indexed Journals: The Case of SJR Database", "Publishing Research Quarterly", "2024", "Article", ""Kim E.; Atteraya M."
"10.1109/icissec.2015.7371040", "Visualization of spatial data adaptive to changes in the database structure", "2015 IEEE 2nd International Conference on InformationScience and Security, ICISS 2015", "2016", "Conference paper", ""Belyakov S.; Belyakova M.; Glushkov A."
"10.1016/j.isprsjprs.2015.06.008", "Tapping into the Hexagon spy imagery database: A new automated pipeline for geomorphic change detection", "ISPRS Journal of Photogrammetry and Remote Sensing", "2015", "Article", ""Maurer J.; Rupper S."
"10.4018/978-1-4666-3616-3.ch015", "The evolution of the massively parallel processing database in support of visual analytics", "Managing Information Resources and Technology: Emerging Applications and Theories", "2013", "Book chapter", ""Willson I.A."
"10.1016/j.csbj.2023.06.008", "PopTradeOff: A database for exploring population-specificity of adaptive evolution, disease susceptibility, and drug responsiveness", "Computational and Structural Biotechnology Journal", "2023", "Article", ""Tang J.; Zhang H.; Zhang H.; Zhu H."
"10.1016/b978-0-443-28824-1.50208-8", "Analyzing a Database of Digitalized Process Flowsheets to Extract Relevant Initialization Structures for Evolutionary Process Synthesis Methods", "Computer Aided Chemical Engineering", "2024", "Book chapter", ""Commenge J.-M.; Pina-Martinez A."
"10.1109/infocoman.2016.7784261", "Database methodology for therapy evaluation in auditory schizophrenia disorder based on continuity evolution of symptoms", "Proceedings of the 6th International Conference on Information Communication and Management, ICICM 2016", "2016", "Conference paper", ""Mugruza-Vassallo C.A."
"10.3390/su14159435", "Global Evolution of Research on Sustainable Finance from 2000 to 2021: A Bibliometric Analysis on WoS Database", "Sustainability (Switzerland)", "2022", "Review", ""Luo W.; Tian Z.; Zhong S.; Lyu Q.; Deng M."
"10.1109/iccit55355.2022.10118963", "Blockchain Technology Evolution Trends Bibliometrics Analysis on Scopus Database Using VOSviewer", "2022 IEEE Creative Communication and Innovative Technology, ICCIT 2022", "2022", "Conference paper", ""Heriyanti; Azizah N.; Cesna G.P.; Anggraini Santoso N.; Ayu Sanjaya Y.P."
"10.2316/p.2011.746-031", "Novel system for searching image databases using evolutionary algorithms", "Proceedings of the 15th IASTED International Conference on Internet and Multimedia Systems and Applications, IMSA 2011", "2011", "Conference paper", ""Farag W."
"10.1016/j.csbj.2024.04.006", "GETdb: A comprehensive database for genetic and evolutionary features of drug targets", "Computational and Structural Biotechnology Journal", "2024", "Article", ""Zhang Q.; He Y.; Lu Y.-P.; Wei Q.-H.; Zhang H.-Y.; Quan Y."
"10.1109/csqrwc.2011.6037173", "Cloud database resource calculations optimization based on buzzers and genetic algorithm double-population evolution mechanism", "Proceedings of 2011 Cross Strait Quad-Regional Radio Science and Wireless Technology Conference, CSQRWC 2011", "2011", "Conference paper", ""Wu H.; Chen S."
"10.1007/978-981-19-9888-1_42", "An Analytical View of Evolutionary Development of Computing Database Research in Fifty Years", "Lecture Notes in Networks and Systems", "2023", "Conference paper", ""Saini J.R."
"10.1109/icrito66076.2025.11241285", "Hybrid Evolutionary Bayesian Optimization for Cloud Database Knob Tuning", "2025 12th International Conference on Reliability, Infocom Technologies and Optimization ,Trends and Future Directions, ICRITO 2025", "2025", "Conference paper", ""Deepak; Sheoran S."
"10.11897/sp.j.1016.2024.02691", "The Evolution of GPU Database Implementation Technologies; [ＧＰＵ 数据库实现技术发展演进]", "Jisuanji Xuebao/Chinese Journal of Computers", "2024", "Article", ""Liu P.; Chen H.; Zhang Y.-S.; Li C.-P."
"10.5936/csbj.201209008", "Computer-aided protein directed evolution: A review of web servers, databases and other computational tools for protein engineering", "Computational and Structural Biotechnology Journal", "2012", "Article", ""Verma R.; Schwaneberg U.; Roccatano D."
"10.1109/iwaci.2011.6160044", "Spatial database for digital evolutionary machines in an artificial world without knowledge-base", "Proceedings of 4th International Workshop on Advanced Computational Intelligence, IWACI 2011", "2011", "Conference paper", ""Elek I.; Roden J.; Nguyen T.B."
"10.1007/978-3-031-48465-0_65", "Information Visualization of Research Evolution on Innovation in Local Wisdom: A Decade Bibliometric Analysis Using the Scopus Database", "Lecture Notes in Networks and Systems", "2024", "Conference paper", ""Herawan T.; Ermawati K.C.; Ihalauw J.J.O.I.; Damiasih D.; Suhendroyono S."
"10.1109/iccci54379.2022.9740966", "Discovery of Potential High Utility Itemset from Uncertain Database using Multi Objective Discrete Differential Evolutionary Algorithm", "2022 International Conference on Computer Communication and Informatics, ICCCI 2022", "2022", "Conference paper", ""Logeswaran K.; Niranjan R.; Suresh P.; Saireventh T.; Ponselvakumar A.P.; Saranraj V.; Savitha S."
"10.1109/sita67914.2025.11273715", "Reinforcement Learning for Dynamic RDF Schema Evolution in NoSQL Databases", "SITA 2025 - 15th International Conference on Intelligent Systems: Theories and Applications", "2025", "Conference paper", ""Belefqih S.; Barchane M.; Zellou A.; Doumi K.; Benlahmar E."
"10.1201/9780429282843", "Database Management System: An Evolutionary Approach", "Database Management System: An Evolutionary Approach", "2022", "Book", ""Patni J.C.; Sharma H.K.; Tomar R.; Katal A."
"10.4018/978-1-4666-2455-9.ch036", "Database Analysis with ANNs by means of Graph Evolution", "Data Mining: Concepts, Methodologies, Tools, and Applications: Volume 1-4", "2012", "Book chapter", ""Rivero D.; Dorado J.; Rabuñal J.R.; Pazos A."
"10.14357/19922264200415", "Evolution of classifications in supracorpora databases; [ЭВОЛЮЦИЯ КЛАССИФИКАЦИЙ В НАДКОРПУСНЫХ БАЗАХ ДАННЫХ]", "Informatika i ee Primeneniya", "2020", "Article", ""Goncharov A.A.; Zatsman I.M.; Kruzhkov M.G."
"10.3390/su141610435", "Health Tourism Evolution: A Review Based on Bibliometric Analysis and the China National Knowledge Infrastructure Database", "Sustainability (Switzerland)", "2022", "Review", ""Sun S.; Zhong L.; Law R.; Li X.; Deng B.; Yang L."
"10.4018/978-1-4666-0945-7.ch004", "Managing schema evolution in a federated spatial database system", "Discovery of Geospatial Resources: Methodologies, Technologies, and Emergent Applications", "2012", "Book chapter", ""Wu X.; Xia J.C.; West G.; Arnold L.; Veenendaal B."
"10.1109/ropec.2015.7395161", "Towards the Full Model Selection in temporal databases by using micro-differential evolution. An empirical study", "2015 IEEE International Autumn Meeting on Power, Electronics and Computing, ROPEC 2015", "2016", "Conference paper", ""Pérez-Castro N.; Acosta-Mesa H.-G.; Mezura-Montes E.; Cruz-Ramírez N."
"10.3390/su16198537", "Technological Evolution in the Swiss Bus Fleet from 1940 to 2022: An Inventory and Database for Research Applications", "Sustainability (Switzerland)", "2024", "Article", ""Remy V.F.M.; Vernez D.; Guseva Canu I."
"10.1002/9781119174240.ch12", "Analyzing the Evolution of Database Usage in Data-Intensive Software Systems", "Software Technology: 10 Years of Innovation in IEEE Computer", "2018", "Book chapter", ""Meurice L.; Goeminne M.; Mens T.; Nagy C.; Decan A.; Cleve A."
"10.4018/9781522570332.ch039", "Managing Schema Evolution in a Federated Spatial Database System", "Geographic Information Systems: Concepts, Methodologies, Tools, and Applications: Volume I", "2012", "Book chapter", ""Wu X.; Xia J.C.; West G.; Arnold L.; Veenendaal B."
"10.1166/asl.2012.1807", "A differentiation analysis of clinical database with the evolutionary neuromolecular hardware", "Advanced Science Letters", "2012", "Article", ""Lin Y.-H.; Chueh H.-E.; Chen J.-C."
"10.1007/s00287-017-1026-5", "The evolution of the main memory database system HyPer: From transactions and analytics to big data and from research to technology transfer; [Die Evolution des Hauptspeicherdatenbanksystems HyPer: Von Transaktionen und Analytik zu Big Data sowie von der Forschung zum Technologietransfer]", "Informatik-Spektrum", "2017", "Article", ""Kemper A.; Leis V.; Neumann T."
"10.1109/bigdata66926.2025.11401736", "The Lightweight Optimization Techniques for Knobs Tuning of Database System Using Evolution Strategy", "Proceedings of the IEEE International Conference on Big Data, BigData", "2025", "Conference paper", ""Li J.; Rong C.; Cui Y.; Chen T."
"10.35940/ijitee.j1066.0881019", "Performance of fuzzy rough sets and fuzzy evolutionary classifiers using medical databases", "International Journal of Innovative Technology and Exploring Engineering", "2019", "Article", ""Poongothai S.; Dharuman C.; Venkatesan P."
"10.1109/ic2e365635.2025.11167401", "Zero-Downtime Schema Evolution in Distributed Databases: A Theoretical Framework", "2025 IEEE International Conference on Computer, Electronics, Electrical Engineering and their Applications, IC2E3 2025", "2025", "Conference paper", ""Hazarika A.V.; Banerjee M."
"10.1109/sorucom.2014.47", "Toolbox for Historical and Biographical Research (Prosopographic Databases on Russian History)", "Proceedings - 3rd International Conference on Computer Technology in Russia and in the Former Soviet Union, SoRuCom 2014", "2015", "Conference paper", ""Ulyanova S.; Sinepol V."
"10.4137/ebo.s9186", "The chordate proteome history database", "Evolutionary Bioinformatics", "2012", "Article", ""Levasseur A.; Paganini J.; Dainat J.; Thompson J.D.; Poch O.; Pontarotti P.; Gouret P."
"10.11647/obp.0423.08", "Building a book history database: A novice voice", "Digital Humanities in the India Rim: Contemporary Scholarship in Australia and India", "2024", "Book chapter", ""Ward R."
"10.1038/s41597-022-01655-1", "Sharkipedia: a curated open access database of shark and ray life history traits and abundance time-series", "Scientific Data", "2022", "Data paper", ""Mull C.G.; Pacoureau N.; Pardo S.A.; Ruiz L.S.; García-Rodríguez E.; Finucci B.; Haack M.; Harry A.; Judah A.B.; VanderWright W.; Yin J.S.; Kindsvater H.K.; Dulvy N.K."
"10.1007/978-3-642-33030-8_60", "The establishment of the database of mathematics history", "Advances in Intelligent Systems and Computing", "2013", "Conference paper", ""Xie Q."
"10.3390/su141811615", "Intellectual Capital History and Trends: A Bibliometric Analysis Using Scopus Database", "Sustainability (Switzerland)", "2022", "Article", ""Al-Khoury A.; Hussein S.A.; Abdulwhab M.; Aljuboori Z.M.; Haddad H.; Ali M.A.; Abed I.A.; Flayyih H.H."
"10.1109/geoinformatics.2011.5981024", "Application of spatio-tmporal data model in database of Beijing urban history", "Proceedings - 2011 19th International Conference on Geoinformatics, Geoinformatics 2011", "2011", "Conference paper", ""Dai H.; Yu N.; Chang Z."
"10.1038/s41597-022-01479-z", "CaliPopGen: A genetic and life history database for the fauna and flora of California", "Scientific Data", "2022", "Data paper", ""Beninde J.; Toffelmier E.M.; Andreas A.; Nishioka C.; Slay M.; Soto A.; Bueno J.P.; Gonzalez G.; Pham H.V.; Posta M.; Pace J.L.; Shaffer H.B."
"10.1109/mosicom63082.2024.10882040", "Development of a Chat History Analysis Module Using Advanced Machine Learning Models and Vector Databases for Digital Forensic Tools", "IEEE International Conference on Modeling, Simulation and Intelligent Computing, MoSICom 2024 - Proceedings", "2024", "Conference paper", ""Leila R.; Tazhibayeva P.; Abulkhair I.; Pogolovkin D.; Yelzhas K."
"10.1163/24523666-bja10002", "History and contents of the Dutch theatre production database arts and media", "Research Data Journal for the Humanities and Social Sciences", "2020", "Article", ""Bakkeren F."
"10.5334/johd.91", "Critical Reflections on Cinema Belgica: The Database for New Cinema History in Belgium", "Journal of Open Humanities Data", "2022", "Article", ""Ducatteeuw V.; Biltereyst D.; Meers P.; Verbruggen C.; Moreels D.; Noordegraaf J.; Chambers S.; De Potter P.; Cachet T.; Franck N.; Deroo F."
"10.1038/s41597-025-05788-x", "A database of life history parameters for Pacific coral reef fish", "Scientific Data ", "2025", "Data paper", ""Akiona A.K.; Zgliczynski B.J.; Agarwal M.M.; French B.J.; Holloway N.H.; Lubarsky K.A.; Shirley M.E.; Sullivan C.J.; Sandin S.A."
"10.1109/icasi.2016.7539835", "Data mining based on the emergency medical database the association between the reason of calling ambulance service and the medical history of patients", "2016 International Conference on Applied System Innovation, IEEE ICASI 2016", "2016", "Conference paper", ""Lin J.-N.; Sun W.-Z.; Ma H.-M.; Yang M.-H."
"10.1016/j.comtox.2019.100096", "EPA's DSSTox database: History of development of a curated chemistry resource supporting computational toxicology research", "Computational Toxicology", "2019", "Article", ""Grulke C.M.; Williams A.J.; Thillanadarajah I.; Richard A.M."
"10.55630/dipp.2022.12.3", "Local History Research Databases in Latvian Public Libraries", "Digital Presentation and Preservation of Cultural and Scientific Heritage", "2022", "Conference paper", ""Haļzova Z."
"10.34632/jsta.2025.17743", "CONNECTING ART HISTORIES THROUGH MESSY DATA (STRUCTURES): RETHINKING MUSEUM DATABASE INTERFACES FOR (CURATORIAL) RESEARCH", "Journal of Science and Technology of the Arts", "2025", "Article", ""Dhaenens L."
"10.1177/20501579231155533", "Preserving the history of mobile gaming—a review of The Retro Mobile Gaming Database", "Mobile Media and Communication", "2023", "Note", """
"10.1201/9781003483144-7", "Context-aware Knowledge Base Engineering for Anomaly Detection and Predictive Maintenance in Graph Databases", "Cognitive Fairness-Aware Techniques for Human–Machine Interface", "2025", "Book chapter", ""Neelavathy Pari S.; Sudharson K."
"10.1109/isms.2016.36", "Innovative High Quality Aircraft Maintenance by Wisdom of Semantic Database Using Historical Data of Operation Staffs", "Proceedings - International Conference on Intelligent Systems, Modelling and Simulation, ISMS", "2016", "Conference paper", ""Abdullah D.; Takahashi H."
"10.6120/joemls.2014.513/0616.rs.am", "Investigating the quality and maintenance issues of bibliographic records provided by the e-book supply chain: Using the operations of the Taiwan academic e-book & database consortium as an example", "Journal of Educational Media and Library Sciences", "2014", "Article", ""Chen C.-C."
"10.1109/iccsnt.2013.6967140", "An efficient incremental maintenance for association rules mining based on distributed databases", "Proceedings of 2013 3rd International Conference on Computer Science and Network Technology, ICCSNT 2013", "2014", "Conference paper", ""Darwish M.; Elgohery R.; Badr N.; Faheem H."
"10.7146/aul.455.c226", "Design and Development of Heritage Building Information Model (HBIM) Database to Support Maintenance", "Proceedings of the 29th EG-ICE International Workshop on Intelligent Computing in Engineering", "2022", "Conference paper", ""Chen W.; Yuan J.; Luo H."
"10.1117/12.3054756", "Research on the establishment of a highway disease database based on integrated detection and maintenance", "Proceedings of SPIE - The International Society for Optical Engineering", "2024", "Conference paper", ""Zhou Q.; Wang Z.; Zhang J.; Wang J."
"10.1007/978-3-031-53824-7_2", "Unleashing the Potential of Graph Database in Smart Asset Management: Enhancing Predictive Maintenance in Industry 4.0", "Lecture Notes in Networks and Systems", "2024", "Conference paper", ""Hairuddin F.I.; Azri S.; Ujang U."
"10.35490/ec3.2025.253", "DATABASE DEVELOPMENT AND REPAIR COST PREDICTION BASED ON INFRASTRUCTURE MAINTENANCE RECORDS", "Proceedings of the European Conference on Computing in Construction", "2025", "Conference paper", ""Nam Y.; Yoon S.; Lee S.; Shin B.; Chi S."
"10.1016/j.procs.2022.08.002", "Building a smart database for predictive maintenance in already implemented manufacturing systems", "Procedia Computer Science", "2022", "Conference paper", ""Klees M.; Evirgen S."
"10.3390/app8050769", "Maintenance of discovered high average-utility itemsets in dynamic databases", "Applied Sciences (Switzerland)", "2018", "Article", ""Zhang B.; Lin J.C.-W.; Shao Y.; Fournier-Viger P.; Djenouri Y."
"10.1109/itechsecom64750.2025.11307335", "Entity Recognition Systems for Structuring Database in Industrial Robot Maintenance Education", "2025 2nd International Conference on Intelligent Technologies for Sustainable Electric and Communications Systems, iTech SECOM 2025", "2025", "Conference paper", ""Shamusarov S.; Erkinov A.; Safarova T.; To'lanboyeva D.; Djoldasova G.; Salomov G."
"10.1038/s41597-024-03067-9", "Wind turbine database for intelligent operation and maintenance strategies", "Scientific Data", "2024", "Data paper", ""Marti-Puig P.; Blanco-M A.; Cusidó J.; Solé-Casals J."
"10.1201/b18611-109", "Design and implementation of vulnerability database maintenance system based on topic web crawler", "Electric, Electronic and Control Engineering - Proceedings of the International Conference on Electric, Electronic and Control Engineering, ICEECE 2015", "2015", "Conference paper", ""Liu H.Y.; Huo Y.F.; Xue T.M.; Deng L.Q."
"10.5815/ijisa.2018.02.03", "Automated bug assignment in software maintenance using graph databases", "International Journal of Intelligent Systems and Applications", "2018", "Article", ""Satish C.J.; Mahendran A."
"10.1061/9780784412343.0047", "Automatically updating maintenance information from a BIM Database", "Congress on Computing in Civil Engineering, Proceedings", "2012", "Conference paper", ""Liu R.; Issa R.R.A."
"10.1109/itikd56332.2023.10099517", "Improving Recommendation System by using a knowledge Graph Database for Maintenance of Rolling Stock", "2023 International Conference on IT Innovation and Knowledge Discovery, ITIKD 2023", "2023", "Conference paper", ""Ragala Z.; Retbi A.; Bennani S."
"10.1109/icdacai59742.2023.00127", "Design and Research of Intelligent Operation and Maintenance Monitoring Platform for Database System", "Proceedings - 2023 2nd International Conference on Data Analytics, Computing and Artificial Intelligence, ICDACAI 2023", "2023", "Conference paper", ""Guo M.; Wang D.; Mei L.; Zhou N.; Liu Y.; Qin L.; Zhao H."
"10.1115/es2025-158939", "Facilitating Data Collection of Maintenance Events to Populate the Hydrogen Component Reliability Database (HyCReD)", "Proceedings of ASME 2025 19th International Conference on Energy Sustainability, ES 2025", "2025", "Conference paper", ""Robinson O.J.; Saur G.; Al-Douri A.; Hartmann K.; Groth K.M.; Buttner W.; Ruiz A."
"10.3390/su151813671", "Enhancing Zero-Carbon Building Operation and Maintenance: A Correlation-Based Data Mining Approach for Database Analysis", "Sustainability (Switzerland)", "2023", "Article", ""Zhao Y.; Liu R.; Liu Z.; Lu Y.; Liu L.; Wang J.; Liu W."
"10.1109/raetcs.2018.8443788", "Maintenance of Medical Records Database and Simulation of Gene Therapy using Big Data Concepts", "IEEE International Conference on 2018 Recent Advances on Engineering, Technology and Computational Sciences, RAETCS 2018", "2018", "Conference paper", ""Saagar S.; Naveen Nanda M.; Nair N.S.K.; Kannan S."
"10.11896/jsjkx.240500045", "Automation and Security Strategies and Empirical Research on Operation and Maintenance of Digital Government Database; [数字政府数据库运维的自动化与安全策略及实证研究]", "Computer Science", "2025", "Article", ""Wang Y.; Zhao J.; Guo Y.; Zhou H.; Zhou W.; Zhang W.; Feng J."
"10.1109/icodse59534.2023.10291584", "Migration of Relational Database to NoSQL Document-Oriented Database", "Proceedings of 2023 IEEE International Conference on Data and Software Engineering, ICoDSE 2023", "2023", "Conference paper", ""Tandya W.; Azizah F.N."
"10.14569/ijacsa.2018.090126", "A Seamless network database migration tool for insititutions in Zambia", "International Journal of Advanced Computer Science and Applications", "2018", "Article", ""Kasonde M.; Tembo S."
"10.1007/s41870-020-00515-8", "Schema design advisor model for RDBMS to NoSQL database migration", "International Journal of Information Technology (Singapore)", "2021", "Article", ""Namdeo B.; Suman U."
"10.1007/978-3-030-94188-8_20", "Toward a Smart Approach of Migration from Relational Database System to NoSQL System: Analyzing and Modeling", "Lecture Notes on Data Engineering and Communications Technologies", "2022", "Book chapter", ""Erraji A.; Maizate A.; Ozzif M."
"10.1109/icpcsi.2017.8391881", "Optimization strategies through big-data migration in distributed cloud databases", "IEEE International Conference on Power, Control, Signals and Instrumentation Engineering, ICPCSI 2017", "2018", "Conference paper", ""Mateen A.; Ali K."
"10.1109/icss.2013.53", "Suitable database development framework for business component migration in SaaS multi-tenant model", "Proceedings of International Conference on Service Science, ICSS", "2013", "Conference paper", ""Zhou X.; Zhan D.; Nie L.; Meng F.; Xu X."
"10.1007/978-3-319-54978-1_65", "Evidences from the literature on database migration to the cloud", "Advances in Intelligent Systems and Computing", "2018", "Conference paper", ""de Paula A.C.M.; de Figueiredo Carneiro G.; da Silva A.C.B.G."
"10.1109/icccis51004.2021.9397123", "A regression-based hybrid machine learning technique to enhance the database migration in cloud environment", "Proceedings - IEEE 2021 International Conference on Computing, Communication, and Intelligent Systems, ICCCIS 2021", "2021", "Conference paper", ""Kumar A.; Sivak Kumar M.; Namdeo V."
"10.1145/3756681.3756947", "Seamless Data Migration between Database Schemas with DAMI-Framework: An Empirical Study on Developer Experience", "Proceedings of the 29th International Conference on Evaluation and Assessment in Software Engineering , EASE, 2025 edition, EASE 2025", "2025", "Conference paper", ""Ramos-Vidal D.; Cortiñas A.; Luaces M.R.; Pedreira O.; Saavedra Places Á.; Assunção W.K.G."
"10.36548/jtcsst.2023.1.002", "Designing and Migration of Library Database", "Journal of Trends in Computer Science and Smart Technology", "2023", "Article", ""Sathiyapriya K.; Bhavadharinie S.; Atchaya R.; Kripaa H.; Sowmya V."
"10.1109/icaccs51430.2021.9441829", "A Model for Relational to NoSQL database Migration: Snapshot-Live Stream Db Migration Model", "2021 7th International Conference on Advanced Computing and Communication Systems, ICACCS 2021", "2021", "Conference paper", ""Namdeo B.; Suman U."
"10.1109/mi-sta57575.2023.10169232", "Data Migration from Conventional Databases into NoSQL: Methods and Techniques", "Proceeding - 2023 IEEE 3rd International Maghreb Meeting of the Conference on Sciences and Techniques of Automatic Control and Computer Engineering, MI-STA 2023", "2023", "Conference paper", ""Eldrrat H.A.; Maatuk A.M."
"10.1007/978-3-031-26384-2_22", "Data Migration from Relational to NoSQL Database: Review and Comparative Study", "Lecture Notes in Networks and Systems", "2023", "Conference paper", ""Saadouni C.; El Bouchti K.; Reda O.M.; Ziti S."
"10.1007/978-3-319-69137-4_34", "Migration from relational databases to HBase: A feasibility assessment", "Lecture Notes in Networks and Systems", "2018", "Book chapter", ""Bousalem Z.; Cherti I.; Zhao G."
"10.35940/ijitee.j9563.0881019", "Database migration using data synchronization and transactional replication", "International Journal of Innovative Technology and Exploring Engineering", "2019", "Article", ""Dewi W.S.; Utami E.; Sudaryatno B."
"10.1109/icsit65336.2025.11295140", "AI in Database Modernization: Streamlining On-Prem to Babelfish Aurora PostgreSQL Migrations", "2025 International Conference on Sustainability, Innovation and Technology, ICSIT 2025", "2025", "Conference paper", ""Mohanty M.R.; Rao S.K.; Agrawal S.K.; Zakhmi K.; Melath V.; Kasralikar P."
"10.1007/978-3-031-90310-6_13", "Decomposition Methodologies of Relational Databases for Migration from Systems Monolithic to Microservices: A Systematic Literature Mapping", "Studies in Computational Intelligence", "2025", "Book chapter", ""Castillo-Estrada C.M.; Cancino-Villatoro K.; Alvarez-Oval L.A.; Muñoz M.; de la Cruz Vazquez A."
"10.3390/app12126106", "AMANDA: A Middleware for Automatic Migration between Different Database Paradigms", "Applied Sciences (Switzerland)", "2022", "Article", ""Queiroz J.S.; Falcão T.A.; Furtado P.M.; Soares F.L.; Souza T.B.F.; Cleis P.V.V.P.; Santos F.S.; Giuntini F.T."
"10.1007/978-1-4842-8230-4", "Pro Database Migration to Azure: Data Modernization for the Enterprise", "Pro Database Migration to Azure: Data Modernization for the Enterprise", "2022", "Book", ""Kline K.; McDowell D.; Dorsey D.; Gordon M."
"10.1145/3552490.3552504", "Towards Passive, Migration-Free, Standardized, Long-Term Database Archival", "SIGMOD Record", "2022", "Article", ""Appuswamy R."
"10.1109/ictss.2018.8549944", "A Framework for Data Migration between Different Datastore of NoSQL Database", "Proceeding - 2018 International Conference on ICT for Smart Society: Innovation Toward Smart Society and Society 5.0, ICISS 2018", "2018", "Conference paper", ""Wijaya Y.S.; Akhmadarman A."
"10.1109/iccsnt.2012.6526138", "Design and realization of database online migration", "Proceedings of 2nd International Conference on Computer Science and Network Technology, ICCSNT 2012", "2012", "Conference paper", ""Wang Q.; Du Z.; Liu N."
"10.1117/12.920629", "Design of the typical altered mineral spectral feature database system on the area of oil and gas migration", "Proceedings of SPIE - The International Society for Optical Engineering", "2011", "Conference paper", ""Liu X.; Chen X.; Li Q.; Ni G."
"10.1007/978-3-031-71419-1_23", "A New Approach for an Efficient Relational to Document-Oriented Database Migration", "Lecture Notes in Networks and Systems", "2024", "Conference paper", ""Vučinić M.; Tomić M.; Vještica M.; Čeliković M.; Luković I.; Kordić S."
"10.1007/978-3-030-41862-5_47", "Designing a Framework for Data Migration of Odoo ERP PostgreSQL Database into NoSQL Database", "New Trends in Computational Vision and Bio-Inspired Computing - Selected Works Presented at the ICCVBIC 2018", "2020", "Conference paper", ""Shah K.; Bhavsar H."
"10.1007/978-981-19-2358-6_19", "DLoader: Migration of Data from SQL to NoSQL Databases", "Cognitive Science and Technology", "2023", "Book chapter", ""Rajaram K.; Sharma P.; Selvakumar S."
"10.1109/nics56915.2022.10013443", "Applying Tuple Migration to Preserve Privacy in Databases", "Proceedings - 2022 9th NAFOSTED Conference on Information and Computer Science, NICS 2022", "2022", "Conference paper", ""Truong A.; Dinh L.T.; Vy N.T.T."
"10.1145/2723372.272458", "Madeus: Database live migration middleware under heavy workloads for cloud environment", "Proceedings of the ACM SIGMOD International Conference on Management of Data", "2015", "Conference paper", ""Mishima T.; Fujiwara Y."
"10.14419/ijet.v7i4.11377", "A review on data transformation approaches for data migration processes from relational database to NoSQL database", "International Journal of Engineering and Technology(UAE)", "2018", "Article", ""Zaidi N.; Ishak I.; Sidi F.; Affendey L.S."
"10.1007/978-3-030-94191-8_64", "A New Algorithm for Data Migration from a Relational to a NoSQL Oriented Column Database", "Lecture Notes in Networks and Systems", "2022", "Conference paper", ""Dourhri A.; Hanine M.; Ouahmane H."
"10.1007/978-981-15-8354-4_36", "Workflow Management Through Database Migration in Cloud Computing Environment", "Lecture Notes in Networks and Systems", "2021", "Conference paper", ""Kumar A.; SivakKumar M.; Namdeo V."
"10.1109/icicsp54369.2021.9611882", "A Migration System of Database for Virtual Machine in Cloud Computing", "2021 4th International Conference on Information Communication and Signal Processing, ICICSP 2021", "2021", "Conference paper", ""Hsieh C.-H.; Li Y.; Ni B.; Zhang Q.; Wang R.; Sun G.; Wang H.; Xu Y."
"10.1109/itime.2012.6291240", "Research and practice of university database migration", "Proceedings of 2012 International Symposium on Information Technologies in Medicine and Education, ITME 2012", "2012", "Conference paper", ""Wang Q.; Liu N.; Yu C."
"10.1109/iceta51985.2020.9379163", "Synchronization Barrier in Database Migration processes", "ICETA 2020 - 18th IEEE International Conference on Emerging eLearning Technologies and Applications, Proceedings", "2020", "Conference paper", ""Ceresnak R.; Matiasko K."
"10.1117/12.3067654", "An automatic SQL Translation method for Domestic Database Migration", "Proceedings of SPIE - The International Society for Optical Engineering", "2025", "Conference paper", ""Liu Z.; Zhang J.; Tian T.; Shen Z.; Yu Y."
"10.1117/12.3038822", "A method for identifying similar duplicate records in domestic database migration based on an improved LSSVM algorithm", "Proceedings of SPIE - The International Society for Optical Engineering", "2024", "Conference paper", ""Ding X.; Zhang L.; Ai Y.; Zhang X.; Liu C.; Shang Q."
"10.1109/ispds67367.2025.11390910", "Proactive Replica Migration and Cache Co-optimization in Distributed Databases Oriented by Hotspot Prediction", "2025 6th International Conference on Information Science, Parallel and Distributed Systems, ISPDS 2025", "2025", "Conference paper", ""Yang C."
"10.1109/iciss66954.2025.11389604", "Development of Migration Tool from Relational Database to Document - Oriented NoSQL Database Utilizing Relational Database Logs", "2025 International Conference on ICT for Smart Society, ICISS 2025", "2025", "Conference paper", ""Santoso F.B.L.A.; Hartono L.V.T."
"10.1109/iccubea.2017.8463830", "Migration of Relational Database to MongoDB and Data Analytics using Naive Bayes Classifier based on Mapreduce Approach", "2017 International Conference on Computing, Communication, Control and Automation, ICCUBEA 2017", "2017", "Conference paper", ""Solanke G.B.; Rajeswari K."
"10.1007/978-3-642-29387-0_63", "Realization of oracle database expansion and migration scheme on AIX platform", "Advances in Intelligent and Soft Computing", "2012", "Conference paper", ""Liu W.; Pan D.; Yang J.; Li X."
"10.1007/978-3-030-94191-8_63", "Toward a Smart Approach of Migration from Relational System DataBase to NoSQL System: Transformation Rules of Structure", "Lecture Notes in Networks and Systems", "2022", "Conference paper", ""Erraji A.; Maizate A.; Ouzzif M."
"10.1145/2189751.2047876", "Generating database migrations for evolving web applications", "ACM SIGPLAN Notices", "2012", "Conference paper", ""Vermolen S.D.; Wachsmuth G.; Visser E."
"10.1109/icimcis63449.2024.10957413", "Database Migration to Cloud Computing for Increased Scalability and Efficiency: Systematic Literature Review", "Proceedings - 6th International Conference on Informatics, Multimedia, Cyber and Information System, ICIMCIS 2024", "2024", "Conference paper", ""Sila D.C.; Gunawan A.A.S.; Tjong A.W.; Syahputra M.E."
"10.1109/icietdw61607.2024.10941500", "Migration Technique from Traditional Database to Blockchain Database", "2024 International Conference on Integration of Emerging Technologies for the Digital World, ICIETDW 2024", "2024", "Conference paper", ""Hareesh R.; Sethukarasi T."
"10.1007/978-3-319-03934-3_7", "Creating Database Tables by Running Migrations", "SpringerBriefs in Computer Science", "2014", "Book chapter", ""Vohra D."
"10.1142/s1793005717400051", "A Multiagent Approach to Database Migration for Big Data Systems", "New Mathematics and Natural Computation", "2017", "Article", ""Zaharia M.H."
"10.54808/imsci2025.01.12", "Key aspects for a secure migration of Databases to the Cloud: Challenges and Solutions", "Proceedings of the International Multi-Conference on Society, Cybernetics and Informatics, IMSCI", "2025", "Conference paper", ""Pérez-Castillo Y.-J.; Orantes-Jiménez S.-D.; Aguirre-Anaya E.; Aguilar-Jáuregui M.-E."
"10.1007/978-981-15-0694-9_39", "Performance analysis of schema design approaches for migration from RDBMS to NOSQL databases", "Lecture Notes in Networks and Systems", "2020", "Book chapter", ""Namdeo B.; Suman U."
"10.1109/icodse59534.2023.10291800", "Migration from Relational Database to Column-Oriented NoSQL Database", "Proceedings of 2023 IEEE International Conference on Data and Software Engineering, ICoDSE 2023", "2023", "Conference paper", ""Syarbaini Siregar R.A.; Azizah F.N."
"10.1145/3644523.3644534", "Design and Research of Migration Model for Heterogeneous Databases on Localization Cloud Platform", "ACM International Conference Proceeding Series", "2023", "Conference paper", ""Zhao C.; Wu H.; Li D.; Wang Q.; Sun Y."
"10.1145/3200842.3200852", "Migration of data from relational database to graph database", "ACM International Conference Proceeding Series", "2018", "Conference paper", ""Unal Y.; Oguztuzun H."
"10.1109/ecticon.2011.5947902", "Supervisory level control of robot plasma spray coating process with task level modification based on process database", "ECTI-CON 2011 - 8th Electrical Engineering/ Electronics, Computer, Telecommunications and Information Technology (ECTI) Association of Thailand - Conference 2011", "2011", "Conference paper", ""Nakngoenthong J.; Naksuk N.; Kanarat A.; Saito T."
"10.1109/icimtech50083.2020.9211170", "Database management system design with time series modification for child growth and malnutrition monitoring in the regency of serdang bedagai", "Proceedings of 2020 International Conference on Information Management and Technology, ICIMTech 2020", "2020", "Conference paper", ""Rahutomo R.; Nurlaila I.; Perbangsa A.S.; Pardamean B."
"10.1109/cicn.2015.331", "Securing the Clustered Database Using Data Modification Technique", "Proceedings - 2015 International Conference on Computational Intelligence and Communication Networks, CICN 2015", "2016", "Conference paper", ""Jain P.; Nandanwar S."
"10.1016/j.jmgm.2020.107575", "Chromatin modification by olive phenolics: In silico molecular docking studies utilising the phenolic groups categorised in the OliveNet™ database against lysine specific demethylase enzymes: Chromatin modification by olive phenolics", "Journal of Molecular Graphics and Modelling", "2020", "Article", ""Pitsillou E.; Liang J.; Hung A.; Karagiannis T.C."
"10.1166/asl.2016.7823", "Transaction database modification approaches for achieving privacy preserving in high utility itemset mining", "Advanced Science Letters", "2016", "Article", ""Kim D.; Yun U.; Ryang H."
"10.1016/j.csbj.2022.11.022", "RNAME: A comprehensive database of RNA modification enzymes", "Computational and Structural Biotechnology Journal", "2022", "Article", ""Nie F.; Tang Q.; Liu Y.; Qin H.; Liu S.; Wu M.; Feng P.; Chen W."
"10.1109/csnt.2014.89", "Modification of density based spatial clustering algorithm for large database using Naïve's Bayes' theorem", "Proceedings - 2014 4th International Conference on Communication Systems and Network Technologies, CSNT 2014", "2014", "Conference paper", ""Agrawal J.; Soni S.; Sharma S.; Agrawal S."
"10.1016/j.csbj.2025.02.018", "m6A2Circ: A comprehensive database for decoding the regulatory relationship between m6A modification and circular RNA", "Computational and Structural Biotechnology Journal", "2025", "Article", ""Li Y.; Gu B.; Ma L.; He L.-N.; Bao X.; Huang Y.; Yang R.; Wang L.; Yang Q.; Yang H.; Zuo Z.; Gao S.; Zhao X.; Chen K."
"10.1109/icaretech49914.2020.00016", "Modification of select operation model for multilevel security: Medical database systems as an application", "Proceedings - 2020 International Conference on Assistive and Rehabilitation Technologies, iCareTech 2020", "2020", "Conference paper", ""Mahmoud A.Y.; Abu-Saqer M.M."
"10.1016/j.csbj.2025.11.058", "StructRMDB: A database of RNA modification sites that affect RNA secondary structure", "Computational and Structural Biotechnology Journal", "2025", "Article", ""Zhang Z.; Wang X.; Zhou J.; Meng J.; Song B.; Liang Y.; Cai Y.; Ma J."
"10.23919/isap47053.2021.9391261", "Schemes to reduce no estimates and database update errors for finger print area localization", "2020 International Symposium on Antennas and Propagation, ISAP 2020", "2021", "Conference paper", ""Yusuke M.; Satoru A.; Shinichiro Y."
"10.1109/icaicta.2017.8090961", "Database development supporting offline update using CRDT: (Conflict-free replicated data types)", "Proceedings - 2017 International Conference on Advanced Informatics: Concepts, Theory and Applications, ICAICTA 2017", "2017", "Conference paper", ""Chandra E.; Kistijantoro A.I."
"10.1109/cicn.2015.273", "Research on Incremental Heterogeneous Database Synchronization Update Based on Web Service", "Proceedings - 2015 International Conference on Computational Intelligence and Communication Networks, CICN 2015", "2016", "Conference paper", ""Wang Y.; Wen J.; Fang W.; Rao X."
"10.1038/s41597-022-01316-3", "A trait database and updated checklist for European subterranean spiders", "Scientific Data", "2022", "Data paper", ""Mammola S.; Pavlek M.; Huber B.A.; Isaia M.; Ballarin F.; Tolve M.; Čupić I.; Hesselberg T.; Lunghi E.; Mouron S.; Graco-Roza C.; Cardoso P."
"10.1201/9781003304029-7", "Insert, Update and Delete Data from Databases", "Oracle Database Programming with Java: Ideas, Designs, and Implementations", "2022", "Book chapter", """
"10.1038/s41597-022-01360-z", "CDCDB: A large and continuously updated drug combination database", "Scientific Data", "2022", "Data paper", ""Shtar G.; Azulay L.; Nizri O.; Rokach L.; Shapira B."
"10.1007/978-3-642-12725-0_43", "Use of Airborne Laser Scanning Data for a Revision and Update of a Digital Forest Map and its Descriptive Database: A Case Study from the Tatra National Park", "Environmental Science and Engineering", "2013", "Book chapter", ""Wężyk P.; Szostak M.; Tompalski P."
"10.1109/melecon53508.2022.9843035", "Personalized Outsourced Privacy-preserving Database Updates for Crowd-sensed Dynamic Spectrum Access", "MELECON 2022 - IEEE Mediterranean Electrotechnical Conference, Proceedings", "2022", "Conference paper", ""Truong L.M.; Troja E.; Yadav N.; Bukhari S.A.C.; Aliasgari M."
"10.1109/icde.1984.7271256", "A natural language interface for performing database updates", "Proceedings - International Conference on Data Engineering", "2015", "Conference paper", ""Davidson J."
"10.33012/2016.14868", "Crowdsourced fingerprint database update for indoor localization", "29th International Technical Meeting of the Satellite Division of the Institute of Navigation, ION GNSS 2016", "2016", "Conference paper", ""Yu B.; Lee T."
"10.1007/978-3-642-12725-0_43", "Use of airborne laser scanning data for a revision and update of a digital forest map and its descriptive database: A case study from the Tatra National Park", "Environmental Science and Engineering (Subseries: Environmental Science)", "2013", "Book chapter", ""Wężyk P.; Szostak M.; Tompalski P."
"10.1038/s41597-021-00962-3", "The 2021 update of the EPA’s adverse outcome pathway database", "Scientific Data", "2021", "Data paper", ""Mortensen H.M.; Senn J.; Levey T.; Langley P.; Williams A.J."
"10.1109/icaicta56449.2022.9932986", "Conversion of Entity-Relationship Model to NoSQL Document-Oriented Database Logical Model Using Workload Information and Entity Update Frequency", "2022 9th International Conference on Advanced Informatics: Concepts, Theory and Applications, ICAICTA 2022", "2022", "Conference paper", ""Muhammad A.Y.; Azizah F.N."
"10.1038/s41597-021-00918-7", "Erratum: Addendum: FosSahul 2.0, an updated database for the Late Quaternary fossil records of Sahul (Scientific data (2019) 6 1 (272))", "Scientific data", "2021", "Erratum", ""Peters K.J.; Saltré F.; Friedrich T.; Jacobs Z.; Wood R.; McDowell M.; Ulm S.; Bradshaw C.J.A."
"10.1007/978-3-642-20116-5", "A hybrid approach for database replication: Finding the optimal configuration between update everywhere and primary copy paradigms", "Communications in Computer and Information Science", "2011", "Conference paper", ""Liroz-Gistau M.; Juárez-Rodríguez J.R.; Armendáriz-Íñigo J.E.; de Mendívil J.R.G.; Muñoz-Escoí F.D."
"10.1117/12.2053591", "The Northwest Infrared (NWIR) gas-phase spectral database of industrial and environmental chemicals: Recent updates", "Proceedings of SPIE - The International Society for Optical Engineering", "2014", "Conference paper", ""Brauer C.S.; Johnson T.J.; Blake T.A.; Sharpe S.W.; Sams R.L.; Tonkyn R.G."
"10.1038/s41597-023-02232-w", "The daily updated Dutch national database on COVID-19 epidemiology, vaccination and sewage surveillance", "Scientific Data", "2023", "Data paper", ""Geubbels E.L.P.E.; Backer J.A.; Bakhshi-Raiez F.; van der Beek R.F.H.J.; van Benthem B.H.B.; van den Boogaard J.; Broekman E.H.; Dongelmans D.A.; Eggink D.; van Gaalen R.D.; van Gageldonk A.; Hahné S.; Hajji K.; Hofhuis A.; van Hoek A.J.; Kooijman M.N.; Kroneman A.; Lodder W.; van Rooijen M.; Roorda W.; Smorenburg N.; Zwagemaker F.; Beck Y.-L.; van Beugen D.; van Boven M.; Breuning T.; van Buuren C.; Dijkstra S.; Ding W.; van der Drift A.-M.; Grift I.; Haver A.; Hetebrij W.; van de Hoef D.; de Jong K.; de Klijne A.; Koelewijn J.; Kooij J.; Korevaar J.; Lynch G.; Nagelkerke E.; Nicanci S.; Peters N.; Peterse C.; van der Plaats R.; Poorter E.; Raaijmakers G.; van Rijckevorsel L.; de Rijk S.; Sam-Sin N.; Senyer M.; Sheikh Moghaddas R.; Stouten S.; Theijn R.; van Velzen M.; Voshart I.; Welling A.; Wijsmuller A.; Winkelhorst N.; Wong-Loi-Sing G.; Andeweg S.; van den Berg P.; Berry D.; Boudewijns B.; de Bruijn S.; Bulsink K.; Dalhuisen T.; van Iersel S.; Jenniskens L.; Jongenotter F.; de Lange M.; Lanooij S.; de Melker H.; Maxwell A.; Neppelenbroek N.; Nijman S.; de Oliviera Bressane Lima P.; Petit F.; Smit T.; Teirlinck A.; Valk A.-W.; Veldhuijzen I.; Verstraten C.; Wielders L.; Willekens G.; de Keizer N.F.; van Walle I.; de Roda Husman A.M.; Ruijs C.; van den Hof S."
"10.1109/icicta.2012.141", "Navigational information update mechanism based on moving objects databases", "Proceedings - 2012 5th International Conference on Intelligent Computation Technology and Automation, ICICTA 2012", "2012", "Conference paper", ""Li F.; Yang Z."
"10.7544/issn1000-1239.2018.20170320", "Publicly Verifiable Databases Scheme with Efficient Updates and Low Storage Overhead; [可有效更新的低存储开销公共可验证数据库方案]", "Jisuanji Yanjiu yu Fazhan/Computer Research and Development", "2018", "Article", ""Wu Q.; Zhou F.; Wang Q.; Li Y."
"10.1186/s40537-025-01335-y", "ThermoPCD 2.0: an updated database of molecular dynamics trajectories of antibody-antigen complexes relevant for infectious diseases and allergies at physiologic and fever-range temperatures", "Journal of Big Data", "2025", "Article", ""Singh P.K.; Karbalaeimahdi M.; Stan R.C."
"10.1038/s41597-020-0506-7", "dbPSP 2.0, an updated database of protein phosphorylation sites in prokaryotes", "Scientific Data", "2020", "Article", ""Shi Y.; Zhang Y.; Lin S.; Wang C.; Zhou J.; Peng D.; Xue Y."
"10.1038/s41597-019-0267-3", "FosSahul 2.0, an updated database for the Late Quaternary fossil records of Sahul", "Scientific Data", "2019", "Article", ""Peters K.J.; Saltré F.; Friedrich T.; Jacobs Z.; Wood R.; McDowell M.; Ulm S.; Bradshaw C.J.A."
"10.1016/j.chemolab.2018.01.015", "Dynamic soft sensors with active forward-update learning for selection of useful data from historical big database", "Chemometrics and Intelligent Laboratory Systems", "2018", "Article", ""Chan L.L.T.; Wu Q.-Y.; Chen J."
"10.1109/icscde54196.2021.00082", "Update the power project knowledge graph of power project using Neo4j Graph Database", "Proceedings - 2021 International Conference of Social Computing and Digital Economy, ICSCDE 2021", "2021", "Conference paper", ""Liu H.; Cao Y.; Liu P.; Yang H.; Sun R.; Huang Y.; Gui Y.; Li W."
"10.14188/j.2095-6045.2016357", "Integration of production management and database updatein real estate fundamental geographic information data", "Journal of Geomatics", "2018", "Article", ""Song Y.; Chen Y."
"10.1109/icccnt.2013.6726507", "Survey on privacy preserving updates on unidentified database", "2013 4th International Conference on Computing, Communications and Networking Technologies, ICCCNT 2013", "2013", "Conference paper", ""Gokulakannan E.; Venkatachalapathy K."
"10.1109/iwaise.2014.16", "Towards a rich and updated web services database", "Proceedings - 2014 International Workshop on Advanced Information Systems for Enterprises, IWAISE 2014", "2014", "Conference paper", ""Bouasker T.; Langar M."
"10.1038/s41597-020-00746-1", "QM-symex, update of the QM-sym database with excited state information for 173 kilo molecules", "Scientific Data", "2020", "Data paper", ""Liang J.; Ye S.; Dai T.; Zha Z.; Gao Y.; Zhu X."
"10.1109/icsess.2015.7339029", "An heterogeneous database synchronization update base on web services", "Proceedings of the IEEE International Conference on Software Engineering and Service Sciences, ICSESS", "2015", "Conference paper", ""Wang Y.; Wang X.; Rao X."
"10.3390/app12157623", "A Progressively Expanded Database for Automated Lung Sound Analysis: An Update", "Applied Sciences (Switzerland)", "2022", "Article", ""Hsu F.-S.; Huang S.-R.; Huang C.-W.; Cheng Y.-R.; Chen C.-C.; Hsiao J.; Chen C.-W.; Lai F."
"10.1109/accai61061.2024.10602387", "Automated Assignment Management System: Integrating Email Inbox Parsing, Database Updates, and Notification", "Proceedings - 3rd International Conference on Advances in Computing, Communication and Applied Informatics, ACCAI 2024", "2024", "Conference paper", ""Varun P.; Rashika R.S.; Kayalvizhi S.; Preetha D.; Naveen P.; Mohanaprakash T.A."
"10.1109/tirved58506.2023.10332670", "Development of Approaches to Updated Database on the Vehicle Fleet of Various Countries for Assessing Gross Greenhouse Gas Emissions", "2023 Intelligent Technologies and Electronic Devices in Vehicle and Road Transport Complex, TIRVED 2023 - Conference Proceedings", "2023", "Conference paper", ""Trofimenko Y.V.; Yakubovich A.N.; Lytov V.M."
"10.1038/sdata.2018.141", "MANTA2, update of the Mongo database for the analysis of transcription factor binding site alterations", "Scientific Data", "2018", "Article", ""Fornes O.; Gheorghe M.; Richmond P.A.; Arenillas D.J.; Wasserman W.W.; Mathelier A."
"10.2514/6.2016-2014", "External stores grouping for aero database update", "AIAA Atmospheric Flight Mechanics Conference", "2016", "Conference paper", ""Khadeeja Nusrath T.K.; Singh J.; Saraf A."
"10.14778/3402707.3402718", "Serializable snapshot isolation for replicated databases in high-update scenarios", "Proceedings of the VLDB Endowment", "2011", "Conference paper", ""Jung H.; Han H.; Fekete A.; Röhm U."
"10.1002/minf.70013", "Update and ADMET Profile of the Latin American Natural Product Database: LANaPDB", "Molecular Informatics ", "2025", "Article", ""Gómez-García A.; Lavecchia M.J.; Olmedo D.A.; Solís P.N.; Medina-Franco J.L."
"10.14188/j.2095-6045.2015.03.024", "An update method for spatial database using FME", "Journal of Geomatics", "2015", "Article", ""Chen Z.; Feng Y.; Wang H."
"10.23919/jcc.ja.2022-0208", "Dynamic Update Scheme of Spectrum Information Based on Spectrum Opportunity Incentive in the Database-Assisted Dynamic Spectrum Management", "China Communications", "2024", "Article", ""Yu Z.; Yong C.; Panfeng H.; Yueming C."
"10.1109/dynamics.2018.8601495", "Updates of View in Relational Databases∗", "12th International Scientific and Technical Conference ""Dynamics of Systems, Mechanisms and Machines"", Dynamics 2018", "2018", "Conference paper", ""Zykin S.V.; Zykin V.S."
"10.33012/2017.14882", "Novel crowdsourced Fingerprint database update strategy using clustering and pattern matching techniques", "Proceedings of the 2017 International Technical Meeting of The Institute of Navigation, ITM 2017", "2017", "Conference paper", ""Yu B.; Shin B.; Bang J.; Lee T."
"10.1504/ijiids.2018.091583", "A systematic approach to efficiently managing the effects of retroactive updates of time-varying data in multiversion XML databases", "International Journal of Intelligent Information and Database Systems", "2018", "Article", ""Hamrouni H.; Brahmia Z.; Bouaziz R."
"10.1109/icacr55854.2022.9935532", "An Adaptive Update Algorithm for Fingerprint Database Based on Validity Detection", "2022 6th International Conference on Automation, Control and Robots, ICACR 2022", "2022", "Conference paper", ""Zhang C.; Chen X.; Xu X.; Peng A."
"10.1038/s41597-025-05240-0", "The Chemical and Products Database v4.0, an updated resource supporting chemical exposure evaluations", "Scientific Data ", "2025", "Article", ""Handa S.; Isaacs K.K.; Wall J.T.; Larger A.; Burns S.; Koval L.E.; Baron-Furuyama K.; Elonen C.M.; Lyons D.; Dionisio K.L.; Horton M.B.; Phillips K.A."
"10.3390/app11167269", "Impact of updated oecd/nea thermodynamic database on the safety assessment of radioactive waste repository studied using resrad-offsite code", "Applied Sciences (Switzerland)", "2021", "Article", ""Lee J.-Y.; Park S.J.; Ahn S."
"10.1093/bioinformatics/btaf269", "PICRUSt2-SC: an update to the reference database used for functional prediction within PICRUSt2", "Bioinformatics", "2025", "Article", ""Wright R.J.; Langille M.G.I."
"10.1109/iccct2.2014.7066725", "Automated updates mailing system for an organization:using named-entity recognition and tree based indexing database", "International Conference on Computing and Communication Technologies, ICCCT 2014", "2014", "Conference paper", ""Sadineni S.; Kilaru B.M.; Aluguri E."
"10.3390/ijms222111691", "Antimicrobial peptides: An update on classifications and databases", "International Journal of Molecular Sciences", "2021", "Review", ""Bin Hafeez A.; Jiang X.; Bergen P.J.; Zhu Y."
"10.1038/s41597-020-0353-6", "A continuously updated, geospatially rectified database of utility-scale wind turbines in the United States", "Scientific Data", "2020", "Data paper", ""Rand J.T.; Kramer L.A.; Garrity C.P.; Hoen B.D.; Diffendorfer J.E.; Hunt H.E.; Spears M."
"10.3390/ijms222111403", "Analyses of the updated “animal rdna loci database” with an emphasis on its new features", "International Journal of Molecular Sciences", "2021", "Article", ""Sochorová J.; Gálvez F.; Matyášek R.; Garcia S.; Kovařík A."
"10.1109/cads.2013.6714247", "An adaptive temperature threshold schema for dynamic thermal management of multi-core processors", "Proceedings - 17th CSI International Symposium on Computer Architecture and Digital Systems, CADS 2013", "2013", "Conference paper", ""Salami B.; Baharani M.; Noori H."
"10.1007/978-3-642-22540-6_37", "Safeguarding web services using self-adaptive schema hardening algorithm", "Communications in Computer and Information Science", "2011", "Conference paper", ""Patel V.; Mohandas R.; Pais A."
"10.11591/ijece.v10i5.pp5347-5367", "A novel adaptive schema to facilitates playback switching technique for video delivery in dense LTE cellular heterogeneous network environments", "International Journal of Electrical and Computer Engineering", "2020", "Article", ""Alomari S.A.; Alzboon M.S.; Al-Batah M.S.; Zaqaibeh B."
"10.1007/s41347-025-00585-0", "The Relationships between Internet Gaming Disorder Symptoms, Early Adaptive Schemas and Player Experience", "Journal of Technology in Behavioral Science", "2025", "Article", ""Garbellotto A.; Allen A.; Byrne S.; Stavropoulos V.; Kannis-Dymand L."
"10.1109/chilecon.2017.8229533", "Towards self-adaptation for Cyber-physical systems using a distributed MAPE-K schema over XMPP", "2017 CHILEAN Conference on Electrical, Electronics Engineering, Information and Communication Technologies, CHILECON 2017 - Proceedings", "2017", "Conference paper", ""Torres R.; Aros M.; Calderón J.F."
"10.3390/math10132288", "Meta-Optimization of Dimension Adaptive Parameter Schema for Nelder–Mead Algorithm in High-Dimensional Problems", "Mathematics", "2022", "Article", ""Rojec Ž.; Tuma T.; Olenšek J.; Bűrmen Á.; Puhan J."
"10.18653/v1/2025.findings-emnlp.419", "Adaptive Schema-aware Event Extraction with Retrieval-Augmented Generation", "EMNLP 2025 - 2025 Conference on Empirical Methods in Natural Language Processing, Findings of EMNLP 2025", "2025", "Conference paper", ""Liang S.; Lv H.; Wen Z.; Wu Y.; Zhang Y.; Wang H.; Liu Y."
"10.1109/ecice55674.2022.10042885", "An Adaptive Optimal Control Design for Mobile Robots with A Symmetrical Schematic", "Proceedings of the 4th IEEE Eurasia Conference on IoT, Communication and Engineering 2022, ECICE 2022", "2022", "Conference paper", ""Chen Y.-H.; Chao C.-H.; Chen Y.-Y."
"10.1109/icmctc62214.2025.11196455", "Neuro-Symbolic AI-Driven Data Warehouses: Self-Learning Architectures for Dynamic Schema Evolution and Adaptive Query Optimization", "2025 International Conference on Metaverse and Current Trends in Computing, ICMCTC 2025", "2025", "Conference paper", ""Dharmajee Rao D.T.V.; Vidyadhari C.; Barathy R.; Afzal M.; Sargari S.; Anakath A.S."
"10.1007/978-981-96-2373-0_4", "Heterogeneous Information Network Embedding Based on Adaptive Meta-Schema Considering Relation Distinction and Semantic Preservation", "Communications in Computer and Information Science", "2025", "Conference paper", ""Wu L.; Gao P.; Lu J.; Guo K.; Zhang Q."
"10.1109/iccst.2014.7045196", "A taxonomy of changes in schema evolution", "2014 International Conference on Computational Science and Technology, ICCST 2014", "2014", "Conference paper", ""Masood N.; Andleeb N."
"10.1007/978-981-33-4183-8_21", "Implementation of High-Level JSON Schema Change Operations Using JUpdate", "Smart Innovation, Systems and Technologies", "2021", "Conference paper", ""Brahmia Z.; Brahmia S.; Grandi F.; Bouaziz R."
"10.1007/978-3-031-48465-0_73", "TempoJCM++: An Extension of TempoJCM to Support Schema Change Modeling", "Lecture Notes in Networks and Systems", "2024", "Conference paper", ""Brahmia Z.; Brahmia S.; Grandi F.; Bouaziz R."
"10.1109/indiacom.2014.6828115", "Spatial datamodel based schema creation for the forest change phenomenon", "2014 International Conference on Computing for Sustainable Global Development, INDIACom 2014", "2014", "Conference paper", ""Manjula K.R.; Jyothi S."
"10.1109/icisa.2014.6847346", "A tool for test case impact analysis of database schema changes using use cases", "ICISA 2014 - 2014 5th International Conference on Information Science and Applications", "2014", "Conference paper", ""Jainae J.; Suwannasart T."
"10.1109/cloudtech.2015.7336969", "Log-based change data capture from schema-free document stores using MapReduce", "Proceedings of 2015 International Conference on Cloud Computing Technologies and Applications, CloudTech 2015", "2015", "Conference paper", ""Ma K.; Yang B."
"10.1504/ijtlid.2019.106590", "A schema to describe mechanisms of the co-evolution of global value chains and systems of innovation", "International Journal of Technological Learning, Innovation and Development", "2019", "Article", ""Ghiorzi T."
"10.1109/iccst.2014.7045196", "A taxonomy of changes in schema evolution", "2014 International Conference on Computational Science and Technology, ICCST 2014", "2014", "Conference paper", ""Masood N.; Andleeb N."
"10.11896/jsjkx.220500205", "Ontology-Schema Mapping Based Incremental Entity Model Construction and Evolution Approach of Knowledge Graph; [一种增量式本体模型与数据模式映射的图谱实例模型构建演化方法]", "Computer Science", "2023", "Article", ""Shan Z.; Yang K.; Zhao J.; Wang Y.; Xu Y."
"10.1109/icdsinc66221.2025.11448159", "AI-Guided Schema Evolution and Real-Time Data Quality Enhancement in Multi-Source Pipelines", "1st IEEE International Conference on Data Science and Intelligent Network Computing, ICDSINC 2025", "2025", "Conference paper", ""Malviya S.; Jaiswal A.; Koli V."
"10.1007/978-3-642-19294-4_10", "Enabling migration of enterprise applications in SaaS via progressive schema evolution", "Lecture Notes in Business Information Processing", "2011", "Conference paper", ""Yan J.; Zhang B."
"10.4018/978-1-5225-5384-7.ch013", "Supporting structural evolution of data in web-based systems via schema versioning in the txschema framework", "Handbook of Research on Contemporary Perspectives on Web-Based Systems", "2018", "Book chapter", ""Brahmia Z.; Grandi F.; Oliboni B.; Bouaziz R."
"10.18280/ria.370220", "An Intelligent Evolutionary Schema on Precision Medicine for Diabetes Using Big Data Analytics", "Revue d'Intelligence Artificielle", "2023", "Article", ""Sobhanbabu B.; Bharati K.F."
"10.1109/idaacs68557.2025.11321978", "Large Language Models for Schema Evolution in Event-Sourced Systems", "Proceedings of the IEEE International Conference on Intelligent Data Acquisition and Advanced Computing Systems: Technology and Applications, IDAACS", "2025", "Conference paper", ""Malyi R.; Serdyuk P."
"10.1109/icmctc62214.2025.11196455", "Neuro-Symbolic AI-Driven Data Warehouses: Self-Learning Architectures for Dynamic Schema Evolution and Adaptive Query Optimization", "2025 International Conference on Metaverse and Current Trends in Computing, ICMCTC 2025", "2025", "Conference paper", ""Dharmajee Rao D.T.V.; Vidyadhari C.; Barathy R.; Afzal M.; Sargari S.; Anakath A.S."
"10.15388/informatica.2015.58", "EXolutio: Methodology for Design and Evolution of XML Schemas Using Conceptual Modeling", "Informatica (Netherlands)", "2015", "Article", ""Klímek J.; Maly J.; Nečasky M.; Holubová I."
"10.4018/978-1-4666-5888-2.ch753", "Schema Evolution", "Encyclopedia of Information Science and Technology, Third Edition: Volume 1-10", "2014", "Book chapter", ""Brahmia Z.; Grandi F.; Oliboni B.; Bouaziz R."
"10.11925/infotech.2096-3467.2019.0791", "An evolutionary schema for metadata description", "Data Analysis and Knowledge Discovery", "2020", "Article", ""Xuhui L.; Tao Y.; Ting L.; Yiwen L.; Jinguang G."
"10.1109/sita67914.2025.11273715", "Reinforcement Learning for Dynamic RDF Schema Evolution in NoSQL Databases", "SITA 2025 - 15th International Conference on Intelligent Systems: Theories and Applications", "2025", "Conference paper", ""Belefqih S.; Barchane M.; Zellou A.; Doumi K.; Benlahmar E."
"10.1109/cecnet.2012.6201658", "Data storage schema upgrade via metadata evolution in SaaS", "2012 2nd International Conference on Consumer Electronics, Communications and Networks, CECNet 2012 - Proceedings", "2012", "Conference paper", ""Liu H.; Wu S."
"10.1504/ijtlid.2019.106590", "A schema to describe mechanisms of the co-evolution of global value chains and systems of innovation", "International Journal of Technological Learning, Innovation and Development", "2019", "Article", ""Ghiorzi T."
"10.1007/978-3-642-28466-3_54", "The research on evolution schema theorem on gene expression programming", "Advances in Intelligent and Soft Computing", "2012", "Conference paper", ""Cheng H.; Xue J."
"10.1109/mcsi.2017.40", "Acceleration of Grammatical Evolution with Multiple Chromosome by Using Stochastic Schemata Exploiter", "Proceedings - 2017 4th International Conference on Mathematics and Computers in Sciences and in Industry, MCSI 2017", "2017", "Conference paper", ""Kita E.; Zuo Y.; Sugiura H.; Mizuno T."
"10.4018/978-1-4666-0945-7.ch004", "Managing schema evolution in a federated spatial database system", "Discovery of Geospatial Resources: Methodologies, Technologies, and Emergent Applications", "2012", "Book chapter", ""Wu X.; Xia J.C.; West G.; Arnold L.; Veenendaal B."
"10.7544/issn1000-1239.20220012", "Tracking and Querying over Timeseries Data with Schema Evolution; [一种时序数据模式演化的跟踪与查询方法]", "Jisuanji Yanjiu yu Fazhan/Computer Research and Development", "2022", "Article", ""Zhao X.; Wan Y.; Liu Y."
"10.1007/978-3-030-23672-4_3", "Implicit JSON Schema Versioning Driven by Big Data Evolution in the τJSchema Framework", "Lecture Notes in Networks and Systems", "2020", "Book chapter", ""Brahmia Z.; Brahmia S.; Grandi F.; Bouaziz R."
"10.15587/2706-5448.2025.342365", "DEVELOPMENT OF A RULE-BASED LLM PROMPTING METHOD FOR HIGH-ACCURACY EVENT-SCHEMA EVOLUTION", "Technology Audit and Production Reserves", "2025", "Article", ""Malyi R.; Serdyuk P."
"10.4018/9781522570332.ch039", "Managing Schema Evolution in a Federated Spatial Database System", "Geographic Information Systems: Concepts, Methodologies, Tools, and Applications: Volume I", "2012", "Book chapter", ""Wu X.; Xia J.C.; West G.; Arnold L.; Veenendaal B."
"10.1109/ic2e365635.2025.11167401", "Zero-Downtime Schema Evolution in Distributed Databases: A Theoretical Framework", "2025 IEEE International Conference on Computer, Electronics, Electrical Engineering and their Applications, IC2E3 2025", "2025", "Conference paper", ""Hazarika A.V.; Banerjee M."
"10.1007/978-981-97-9910-7_19", "A Study on Visual Schema for the History of Automotive Style - Apply Arts History Method to Design History", "Communications in Computer and Information Science", "2024", "Conference paper", ""Pan C.-Y."
"10.1109/ictis.2017.8047775", "Research on the schema of Changjiang waterway maintenance management in the 'Internet+' age", "2017 4th International Conference on Transportation Information and Safety, ICTIS 2017 - Proceedings", "2017", "Conference paper", ""Liu H.-H.; Li X.-X."
"10.3390/su13094858", "Development of bim-based bridge maintenance system considering maintenance data schema and information system", "Sustainability (Switzerland)", "2021", "Article", ""Byun N.; Han W.S.; Kwon Y.W.; Kang Y.J."
"10.1145/3756681.3756947", "Seamless Data Migration between Database Schemas with DAMI-Framework: An Empirical Study on Developer Experience", "Proceedings of the 29th International Conference on Evaluation and Assessment in Software Engineering , EASE, 2025 edition, EASE 2025", "2025", "Conference paper", ""Ramos-Vidal D.; Cortiñas A.; Luaces M.R.; Pedreira O.; Saavedra Places Á.; Assunção W.K.G."
"10.1007/s41870-020-00515-8", "Schema design advisor model for RDBMS to NoSQL database migration", "International Journal of Information Technology (Singapore)", "2021", "Article", ""Namdeo B.; Suman U."
"10.1007/978-3-642-19294-4_10", "Enabling migration of enterprise applications in SaaS via progressive schema evolution", "Lecture Notes in Business Information Processing", "2011", "Conference paper", ""Yan J.; Zhang B."
"10.1007/978-3-642-39323-5_4", "Advanced features, schema migration", "Serialization and Persistent Objects: Turning Data Structures into Efficient Databases", "2013", "Book chapter", ""Soukup J.; Lokanath R.; Soukup M."
"10.14569/ijacsa.2025.0161194", "AI-Assisted Schema Translation and Verified Migration: From Object-Relational Models to NoSQL Document-Oriented Stores", "International Journal of Advanced Computer Science and Applications", "2025", "Article", ""Toufik F.; Aouragh A.A.; Khalil A."
"10.1007/978-981-15-0694-9_39", "Performance analysis of schema design approaches for migration from RDBMS to NOSQL databases", "Lecture Notes in Networks and Systems", "2020", "Book chapter", ""Namdeo B.; Suman U."
"10.1186/s40648-018-0100-3", "Modification of body schema by use of extra robotic thumb", "ROBOMECH Journal", "2018", "Article", ""Segura Meraz N.; Sobajima M.; Aoyama T.; Hasegawa Y."
"10.1109/tensymp61132.2024.10752325", "Enabling Dynamic Schema Modifications Through Codeless Data Management", "2024 IEEE Region 10 Symposium, TENSYMP 2024", "2024", "Conference paper", ""Chavan P.; Patankar A.; Patil A.; Patwardhan S.; Phand S."