key;EID;DataModel;Method;Topic;DM description;Method description;Topic description;Comment;title;authors;year;venue;type;url;ee;pages;volume;number;publisher;isbn;doi
conf/adbis/HerrmannVBL15;2-s2.0-84944599941;302;411;611;302: Relational;411: Algebra;611: SMOs/Languages/Rigorous Models for schema evolution;Algebra of SMOs;CoDEL - A Relationally Complete Language for Database Evolution.;Kai Herrmann , Hannes Voigt, Andreas Behrend, Wolfgang Lehner;2015;ADBIS;Conference and Workshop Papers;https://dblp.org/rec/conf/adbis/HerrmannVBL15;https://doi.org/10.1007/978-3-319-23135-8_5;63-76;;;;;10.1007/978-3-319-23135-8_5
conf/adbis/JannaschkJT14;2-s2.0-84906690417;307;401;680;307: Model-Independent;401: General Framework;680: General observations/concepts/guidelines around schema evolution;Methods-like SW patterns for evolving schemas;Technologies for Databases Change Management.;Kai Jannaschk, Hannu Jaakkola, Bernhard Thalheim;2014;ADBIS;Conference and Workshop Papers;https://dblp.org/rec/conf/adbis/JannaschkJT14;https://doi.org/10.1007/978-3-319-10518-5_21;271-285;;;;;10.1007/978-3-319-10518-5_21
conf/adbis/Subotic14;2-s2.0-84906708379;;;;;;;EXCLUDE? vision / phd proposal on how to implement schema evolution in a data warehouse.;Data Warehouse Schema Evolution Perspectives.;Danijela Subotic;2014;ADBIS;Conference and Workshop Papers;https://dblp.org/rec/conf/adbis/Subotic14;https://doi.org/10.1007/978-3-319-10518-5_26;333-338;;;;;10.1007/978-3-319-10518-5_26
conf/adc/HaiTTL15;2-s2.0-84959431808;302;431;671;302: Relational;431: Tool;671: Exploration & visualization of schema changes;Demo paper for assessing alternatives for data warehouse schema evolution;SCIT: A Schema Change Interpretation Tool for Dynamic-Schema Data Warehouses.;Rihan Hai , Vasileios Theodorou, Maik Thiele, Wolfgang Lehner;2015;ADC;Conference and Workshop Papers;https://dblp.org/rec/conf/adc/HaiTTL15;https://doi.org/10.1007/978-3-319-19548-3_28;323-327;;;;;10.1007/978-3-319-19548-3_28
conf/bdiot2/BrahmiaB0B21;2-s2.0-85135017089;;;;;;;;Implicit JSON Schema Versioning Triggered by Temporal Updates to JSON-Based Big Data in the τJSchema Framework.;Zouhaier Brahmia, Safa Brahmia, Fabio Grandi , Rafik Bouaziz;2021;BDIoT;Conference and Workshop Papers;https://dblp.org/rec/conf/bdiot2/BrahmiaB0B21;https://doi.org/10.1007/978-3-031-07969-6_3;32-47;;;;;10.1007/978-3-031-07969-6_3
conf/bigdataconf/KlettkeSSS16;2-s2.0-85015214779;305;422;612;305: NoSQL (Graph/ JSON/Key-Value/Other);422: Method (not fully automated);612: SMO composition;Method for composing long chains of evolution operators for noSql data;NoSQL schema evolution and big data migration at scale.;Meike Klettke, Uta Störl, Manuel Shenavai, Stefanie Scherzinger;2016;IEEE BigData;Conference and Workshop Papers;https://dblp.org/rec/conf/bigdataconf/KlettkeSSS16;https://doi.org/10.1109/BigData.2016.7840924;2764-2774;;;;;10.1109/BIGDATA.2016.7840924
conf/bigdataconf/MollerKS20;2-s2.0-85103823855;;;;;;;;EvoBench - A Framework for Benchmarking Schema Evolution in NoSQL.;Mark Lukas Möller, Meike Klettke, Uta Störl;2020;IEEE BigData;Conference and Workshop Papers;https://dblp.org/rec/conf/bigdataconf/MollerKS20;https://doi.org/10.1109/BigData50022.2020.9378278;1974-1984;;;;;10.1109/BIGDATA50022.2020.9378278
conf/bigdataconf/StonebrakerDB16;2-s2.0-85015237295;302;422, 401;680, 650, 661;302: Relational;"422: Method (not fully automated)
401: General Framework";"680: General observations/concepts/guidelines around schema evolution
650: Understanding how schemata evolve
661: Method/guidelines/hints on how to evolve a schema as a sequence of steps";Why data decay occurs and hints on how to fight it;Database decay and how to avoid it.;Michael Stonebraker, Dong Deng , Michael L. Brodie;2016;IEEE BigData;Conference and Workshop Papers;https://dblp.org/rec/conf/bigdataconf/StonebrakerDB16;https://doi.org/10.1109/BigData.2016.7840584;Ιουλ-16;;;;;10.1109/BIGDATA.2016.7840584
conf/bigdataconf/Suarez-OteroMST20;2-s2.0-85103828029;;;;;;;;Maintaining NoSQL Database Quality During Conceptual Model Evolution.;Pablo Suárez-Otero, Michael J. Mior, María José Suárez-Cabal, Javier Tuya;2020;IEEE BigData;Conference and Workshop Papers;https://dblp.org/rec/conf/bigdataconf/Suarez-OteroMST20;https://doi.org/10.1109/BigData50022.2020.9378228;2043-2048;;;;;10.1109/BIGDATA50022.2020.9378228
conf/bpm/ChiaoKR12;2-s2.0-84873183126;307, 309;401;680;"307: Model-Independent
309: Other";401: General Framework;680: General observations/concepts/guidelines around schema evolution;General framework for issues arising when changing data and process schemata;Schema Evolution in Object and Process-Aware Information Systems: Issues and Challenges.;Carolina Ming Chiao, Vera Künzle, Manfred Reichert;2012;Business Process Management Workshops;Conference and Workshop Papers;https://dblp.org/rec/conf/bpm/ChiaoKR12;https://doi.org/10.1007/978-3-642-36285-9_37;328-339;;;;;10.1007/978-3-642-36285-9_37
conf/btw/HauboldSSD17;2-s2.0-85026647985;305;431;643;305: NoSQL (Graph/ JSON/Key-Value/Other);431: Tool;643: Efficiently performing lazy data migration;Demo paper on a tool for conflict detaction and lazy data migration of NoSQL data;ControVol Flex: Flexible Schema Evolution for NoSQL Application Development.;Florian Haubold, Johannes Schildgen, Stefanie Scherzinger, Stefan Deßloch;2017;BTW;Conference and Workshop Papers;https://dblp.org/rec/conf/btw/HauboldSSD17;https://dl.gi.de/handle/20.500.12116/664;601-604;;;;;
conf/btw/ScherzingerKS15;2-s2.0-85018181175;305;431;644;305: NoSQL (Graph/ JSON/Key-Value/Other);431: Tool;644: Efficiently performing eager data migration;Demo paper for a tool performing eager migration for nosql data;Cleager: Eager Schema Evolution in NoSQL Document Stores.;Stefanie Scherzinger, Meike Klettke, Uta Störl;2015;BTW;Conference and Workshop Papers;https://dblp.org/rec/conf/btw/ScherzingerKS15;https://dl.gi.de/handle/20.500.12116/2440;659-662;;;;;
conf/caise/BrummermannKS13;2-s2.0-84879877403;308;402, 422;661;308: ORM;"402: Empirical Study
422: Method (not fully automated)";661: Method/guidelines/hints on how to evolve a schema as a sequence of steps;Method for the customization of a schema in the context of a software ecosystem;Managing the Evolution and Customization of Database Schemas in Information System Ecosystems.;Hendrik Brummermann, Markus Keunecke, Klaus Schmid;2013;CAiSE;Conference and Workshop Papers;https://dblp.org/rec/conf/caise/BrummermannKS13;https://doi.org/10.1007/978-3-642-38709-8_27;417-432;;;;;10.1007/978-3-642-38709-8_27
conf/caise/MollerSKS20;2-s2.0-85091268895;;;;;;;;Why It Is Time for Yet Another Schema Evolution Benchmark - Visionary Paper.;Mark Lukas Möller, Stefanie Scherzinger, Meike Klettke, Uta Störl;2020;CAiSE Forum;Conference and Workshop Papers;https://dblp.org/rec/conf/caise/MollerSKS20;https://doi.org/10.1007/978-3-030-58135-0_10;113-125;;;;;10.1007/978-3-030-58135-0_10
conf/caise/SkoulisVZ14;2-s2.0-84903195203;302;402;650;302: Relational;402: Empirical Study;650: Understanding how schemata evolve;Case study on whether Lehman's laws hold for software evolution;"Open-Source Databases: Within, Outside, or Beyond Lehman&apos;s Laws of Software Evolution?";Ioannis Skoulis, Panos Vassiliadis, Apostolos V. Zarras;2014;CAiSE;Conference and Workshop Papers;https://dblp.org/rec/conf/caise/SkoulisVZ14;https://doi.org/10.1007/978-3-319-07881-6_26;379-393;;;;;10.1007/978-3-319-07881-6_26
conf/caise/VassiliadisZ17;2-s2.0-85021226606;302;402;650;302: Relational;402: Empirical Study;650: Understanding how schemata evolve;Case study on patterns of how tables die, and how tables change;Survival in Schema Evolution: Putting the Lives of Survivor and Dead Tables in Counterpoint.;Panos Vassiliadis, Apostolos V. Zarras;2017;CAiSE;Conference and Workshop Papers;https://dblp.org/rec/conf/caise/VassiliadisZ17;https://doi.org/10.1007/978-3-319-59536-8_21;333-347;;;;;10.1007/978-3-319-59536-8_21
conf/cidr/BleifussBKNS19;2-s2.0-85084016156;302;431;671;302: Relational;431: Tool;671: Exploration & visualization of schema changes;Tool for the exploration of schema changes;DBChEx: Interactive Exploration of Data and Schema Change.;Tobias Bleifuß, Leon Bornemann, Dmitri V. Kalashnikov, Felix Naumann, Divesh Srivastava;2019;CIDR;Conference and Workshop Papers;https://dblp.org/rec/conf/cidr/BleifussBKNS19;http://cidrdb.org/cidr2019/papers/p65-bleifuss-cidr19.pdf;;;;;;
conf/cidr/SpothACGGGHKLLN17;2-s2.0-85084013128;;;;;;;EXCLUDE? Vision for adaptive schemata as combinations of several workspaces of different schemata. Not directly related to schema evolution!;Adaptive Schema Databases.;William Spoth, Bahareh Sadat Arab, Eric S. Chan, Dieter Gawlick, Adel Ghoneimy, Boris Glavic, Beda Christoph Hammerschmidt, Oliver Kennedy, Seokki Lee, Zhen Hua Liu, Xing Niu , Ying Yang;2017;CIDR;Conference and Workshop Papers;https://dblp.org/rec/conf/cidr/SpothACGGGHKLLN17;http://cidrdb.org/cidr2017/papers/p84-spoth-cidr17.pdf;;;;;;
conf/compsac/SongPXZ12;2-s2.0-84870778434;302;422;633, 631;302: Relational;422: Method (not fully automated);"633: Guaranteeing the correctness/validity of peripheral constructs during evolution
631: Guaranteeing the correctness/validity of schema and application code coevolution";SQL query rewritting for adapting schemata;Automatic Adaptation of Software Applications to Database Evolution by Graph Differencing and AOP-Based Dynamic Patching.;Yang Song, Xin Peng , Zhenchang Xing, Wenyun Zhao;2012;COMPSAC;Conference and Workshop Papers;https://dblp.org/rec/conf/compsac/SongPXZ12;https://doi.org/10.1109/COMPSAC.2012.21;111-118;;;;;10.1109/COMPSAC.2012.21
conf/csmr/GoeminneDM14;2-s2.0-84898413863;302;402;650;302: Relational;402: Empirical Study;650: Understanding how schemata evolve;Case study on schema and software co-evolution;Co-evolving code-related and database-related changes in a data-intensive software system.;Mathieu Goeminne, Alexandre Decan, Tom Mens;2014;CSMR-WCRE;Conference and Workshop Papers;https://dblp.org/rec/conf/csmr/GoeminneDM14;https://doi.org/10.1109/CSMR-WCRE.2014.6747193;353-357;;;;;10.1109/CSMR-WCRE.2014.6747193
conf/csmr/MeuriceC14;2-s2.0-84898472802;302;431;671;302: Relational;431: Tool;671: Exploration & visualization of schema changes;Tool for the visualization of logical schema evolution history & stats;DAHLIA: A visual analyzer of database schema evolution.;Loup Meurice, Anthony Cleve;2014;CSMR-WCRE;Conference and Workshop Papers;https://dblp.org/rec/conf/csmr/MeuriceC14;https://doi.org/10.1109/CSMR-WCRE.2014.6747219;464-468;;;;;10.1109/CSMR-WCRE.2014.6747219
conf/dasfaa/ZengLGZZC24;2-s2.0-85206348357;;;;;;;;SLSM: An Efficient Strategy for Lazy Schema Migration on Shared-Nothing Databases.;Zhilin Zeng, Hui Li, Xiyue Gao, Hui Zhang, Huiquan Zhang, Jiangtao Cui;2024;DASFAA;Conference and Workshop Papers;https://dblp.org/rec/conf/dasfaa/ZengLGZZC24;https://doi.org/10.1007/978-981-97-5552-3_24;357-367;;;;;10.1007/978-981-97-5552-3_24
conf/data/HerrmannRVDFSL15;2-s2.0-84964931551;302;431;631;302: Relational;431: Tool;631: Guaranteeing the correctness/validity of schema and application code coevolution;Tool to allow the evolution of software product lines;Database Evolution for Software Product Lines.;Kai Herrmann , Jan Reimann , Hannes Voigt, Birgit Demuth, Stefan Fromm, Robert Stelzmann, Wolfgang Lehner;2015;DATA;Conference and Workshop Papers;https://dblp.org/rec/conf/data/HerrmannRVDFSL15;https://doi.org/10.5220/0005484101250133;125-133;;;;;10.5220/0005484101250133
conf/data/MohapatraHVLTL18;2-s2.0-85071417566;302;422, 431;635;302: Relational;"422: Method (not fully automated)
431: Tool";635: Guaranteeing the zerodowntime of the evolution of a working system;Method and tool for migrating data via views, triggers, stored-procedures when schemata evolve;Seamless Database Evolution for Cloud Applications.;Aniket Mohapatra, Kai Herrmann , Hannes Voigt, Simon Lüders, Tsvetan Tsokov, Wolfgang Lehner;2018;DATA;Conference and Workshop Papers;https://dblp.org/rec/conf/data/MohapatraHVLTL18;https://doi.org/10.5220/0006845101970207;197-207;;;;;10.5220/0006845101970207
conf/dexa/AmaviCAR14;2-s2.0-84958543412;303;421;678;303: XML;421: Algorithm (fully automated);678: Handling of schema mappings among any two schemata;Schema mappings among schema versions for XML data;A ToolBox for Conservative XML Schema Evolution and Document Adaptation.;Joshua Amavi, Jacques Chabin, Mirian Halfeld Ferrari Alves, Pierre Réty;2014;DEXA;Conference and Workshop Papers;https://dblp.org/rec/conf/dexa/AmaviCAR14;https://doi.org/10.1007/978-3-319-10073-9_24;299-307;;;;;10.1007/978-3-319-10073-9_24
conf/dexa/GuedesBM16;2-s2.0-84981188311;301;422;663;301: Conceptual (ER/UML/Other);422: Method (not fully automated);663: Schema design to gracefully sustain evolution;Method for the design of databases via db modules, to sustain evolution;Evolutionary Database Design: Enhancing Data Abstraction Through Database Modularization to Achieve Graceful Schema Evolution.;Gustavo Bartz Guedes, Gisele Busichia Baioco, Regina Lúcia de Oliveira Moraes;2016;DEXA;Conference and Workshop Papers;https://dblp.org/rec/conf/dexa/GuedesBM16;https://doi.org/10.1007/978-3-319-44403-1_22;355-369;;;;;10.1007/978-3-319-44403-1_22
conf/dexa/HuoT12;2-s2.0-84866027812;302;421, 432;677;302: Relational;"421: Algorithm (fully automated)
432: DBMS internal mechanism";677: Schema version management techniques;Algorithms for maintaining branched schema versions, and allowing query processing;Querying Transaction-Time Databases under Branched Schema Evolution.;Wenyu Huo, Vassilis J. Tsotras;2012;DEXA;Conference and Workshop Papers;https://dblp.org/rec/conf/dexa/HuoT12;https://doi.org/10.1007/978-3-642-32600-4_20;265-280;;;;;10.1007/978-3-642-32600-4_20
conf/dmah-ws/StiemerVSS20;2-s2.0-85103542795;306;431, 432;649;306: Multimodel (eg Polystores);"431: Tool
432: DBMS internal mechanism";649: Data migration: other;Concepts and short discusion of tool for data migration in polystores;PolyMigrate: Dynamic Schema Evolution and Data Migration in a Distributed Polystore.;Alexander Stiemer, Marco Vogt , Heiko Schuldt, Uta Störl;2020;Poly/DMAH@VLDB;Conference and Workshop Papers;https://dblp.org/rec/conf/dmah-ws/StiemerVSS20;https://doi.org/10.1007/978-3-030-71055-2_4;42-53;;;;;10.1007/978-3-030-71055-2_4
conf/doceng/HasegawaIS13;2-s2.0-84924452788;303;421, 431;633;303: XML;"421: Algorithm (fully automated)
431: Tool";633: Guaranteeing the correctness/validity of peripheral constructs during evolution;Algorithm to maintain XPath queries when the schema evolves;An Algorithm for Transforming XPath Expressions According to Schema Evolution.;Kazuma Hasegawa, Kosetsu Ikeda, Nobutaka Suzuki;2013;DChanges;Conference and Workshop Papers;https://dblp.org/rec/conf/doceng/HasegawaIS13;https://ceur-ws.org/Vol-1008/paper4.pdf;;;;;;
conf/doceng/WuS15;2-s2.0-84959251953;303;421;621;303: XML;421: Algorithm (fully automated);621: Impact to peripheral constructs when the core schema changes;Algorithm for detecting xslt rules affected by schema evolution;Detecting XSLT Rules Affected by Schema Evolution.;Yang Wu, Nobutaka Suzuki;2015;DocEng;Conference and Workshop Papers;https://dblp.org/rec/conf/doceng/WuS15;https://doi.org/10.1145/2682571.2797086;143-146;;;;;10.1145/2682571.2797086
conf/ebiss/ManousisVZP15;2-s2.0-84978701719;;;;;;;EXCLUDE: Survey paper, for the occasion of a doctoral school.;Schema Evolution for Databases and Data Warehouses.;Petros Manousis, Panos Vassiliadis, Apostolos V. Zarras, George Papastefanatos;2015;eBISS;Conference and Workshop Papers;https://dblp.org/rec/conf/ebiss/ManousisVZP15;https://doi.org/10.1007/978-3-319-39243-1_1;Ιαν-31;;;;;10.1007/978-3-319-39243-1_1
conf/edbt/AthinaiouK19;2-s2.0-85062664005;302;431;677;302: Relational;431: Tool;677: Schema version management techniques;A tool to answer provenance queries for schema versions, when the respective SMOs are available;VESEL: VisuaL Exploration of Schema Evolution using Provenance Queries.;Christos Athinaiou, Haridimos Kondylakis;2019;EDBT/ICDT Workshops;Conference and Workshop Papers;https://dblp.org/rec/conf/edbt/AthinaiouK19;https://ceur-ws.org/Vol-2322/BigVis_9.pdf;;;;;;
conf/edbt/ChillonMHO23;2-s2.0-85159002211;;;;;;;;Propagating Schema Changes to Code: An Approach Based on a Unified Data Model.;Alberto Hernández Chillón, Jesús García Molina, José Ramón Hoyos, María-José Ortín-Ibáñez;2023;EDBT/ICDT Workshops;Conference and Workshop Papers;https://dblp.org/rec/conf/edbt/ChillonMHO23;https://ceur-ws.org/Vol-3379/CoMoNoS_2023_id251_Alberto_Hernandez_Chillon.pdf;;;;;;
conf/edbt/LiuHHC11;2-s2.0-79953841370;305;421;611;305: NoSQL (Graph/ JSON/Key-Value/Other);421: Algorithm (fully automated);611: SMOs/Languages/Rigorous Models for schema evolution;Algorithms for Splitting and Merging tables for Column-Oriented DBs;Efficient and scalable data evolution with column oriented databases.;Ziyang Liu , Bin He , Hui-I Hsiao, Yi Chen;2011;EDBT;Conference and Workshop Papers;https://dblp.org/rec/conf/edbt/LiuHHC11;https://doi.org/10.1145/1951365.1951380;105-116;;;;;10.1145/1951365.1951380
conf/edbt/StorlKS20;2-s2.0-85084180969;;;;;;;EXCLUDE? Tutorial.;NoSQL Schema Evolution and Data Migration: State-of-the-Art and Opportunities.;Uta Störl, Meike Klettke, Stefanie Scherzinger;2020;EDBT;Conference and Workshop Papers;https://dblp.org/rec/conf/edbt/StorlKS20;https://doi.org/10.5441/002/edbt.2020.87;655-658;;;;;10.5441/002/EDBT.2020.87
conf/edbt/Suarez-OteroMCT23;2-s2.0-85159018708;;;;;;;;Data migration in column family database evolution using MDE.;Pablo Suárez-Otero, Michael J. Mior, María José Suárez-Cabal, Javier Tuya;2023;EDBT/ICDT Workshops;Conference and Workshop Papers;https://dblp.org/rec/conf/edbt/Suarez-OteroMCT23;https://ceur-ws.org/Vol-3379/CoMoNoS_2023_id250_Pablo_Suarez_Otero.pdf;;;;;;
conf/edbt/Vassiliadis025;2-s2.0-105007923832;;;;;;;;Time-Related Patterns Of Schema Evolution.;Panos Vassiliadis, Alexandros Karakasidis;2025;EDBT;Conference and Workshop Papers;https://dblp.org/rec/conf/edbt/Vassiliadis025;https://doi.org/10.48786/edbt.2025.25;310-323;;;;;10.48786/EDBT.2025.25
conf/edbt/VassiliadisSKZ23;2-s2.0-85135905356;;;;;;;;Joint Source and Schema Evolution: Insights from a Study of 195 FOSS Projects.;Panos Vassiliadis, Fation Shehaj, George Kalampokis, Apostolos V. Zarras;2023;EDBT;Conference and Workshop Papers;https://dblp.org/rec/conf/edbt/VassiliadisSKZ23;https://doi.org/10.48786/edbt.2023.03;27-39;;;;;10.48786/EDBT.2023.03
conf/er/BenatsM0C22;2-s2.0-85138724686;;;;;;;;Query-based Schema Evolution Recommendations for Hybrid Polystores.;Pol Benats, Loup Meurice, Maxime Gobert , Anthony Cleve;2022;ER Forum/PhD Symposium;Conference and Workshop Papers;https://dblp.org/rec/conf/er/BenatsM0C22;https://ceur-ws.org/Vol-3211/CR_122.pdf;;;;;;
conf/er/BonifatiFGHOV19;2-s2.0-85076177905;305;422;634;305: NoSQL (Graph/ JSON/Key-Value/Other);422: Method (not fully automated);634: Guaranteeing the correctness/validity of schema constraints during evolution;Validation of whether an evolving property graph instance abides by the prescribed schema;Schema Validation and Evolution for Graph Databases.;Angela Bonifati, Peter Furniss, Alastair Green, Russ Harmer, Eugenia Oshurko, Hannes Voigt;2019;ER;Conference and Workshop Papers;https://dblp.org/rec/conf/er/BonifatiFGHOV19;https://doi.org/10.1007/978-3-030-33223-5_37;448-456;;;;;10.1007/978-3-030-33223-5_37
conf/er/BrainingerMS20;2-s2.0-85098271438;302;402;650;302: Relational;402: Empirical Study;650: Understanding how schemata evolve;Case study for NoSQL schema evolution;Replicability and Reproducibility of a Schema Evolution Study in Embedded Databases.;Dimitri Braininger, Wolfgang Mauerer, Stefanie Scherzinger;2020;ER;Conference and Workshop Papers;https://dblp.org/rec/conf/er/BrainingerMS20;https://doi.org/10.1007/978-3-030-65847-2_19;210-219;;;;;10.1007/978-3-030-65847-2_19
conf/er/CaruccioPT18;2-s2.0-85055419249;302;422;633;302: Relational;422: Method (not fully automated);633: Guaranteeing the correctness/validity of peripheral constructs during evolution;Method for query/view rewritting in the presence of schema evolution;Dependency-Based Query/View Synchronization upon Schema Evolutions.;Loredana Caruccio, Giuseppe Polese, Genoveffa Tortora;2018;ER Workshops;Conference and Workshop Papers;https://dblp.org/rec/conf/er/CaruccioPT18;https://doi.org/10.1007/978-3-030-01391-2_17;91-105;;;;;10.1007/978-3-030-01391-2_17
conf/er/ChillonRM21a;2-s2.0-85118136056;;;;;;;;Towards a Taxonomy of Schema Changes for NoSQL Databases: The Orion Language.;Alberto Hernández Chillón, Diego Sevilla Ruiz, Jesús García Molina;2021;ER;Conference and Workshop Papers;https://dblp.org/rec/conf/er/ChillonRM21a;https://doi.org/10.1007/978-3-030-89022-3_15;176-185;;;;;10.1007/978-3-030-89022-3_15
conf/er/DimolikasZV20;2-s2.0-85097436953;302;402;675, 650;302: Relational;402: Empirical Study;"675: Computing the diachronic schema
650: Understanding how schemata evolve";Case study on how the FK topology of a table relates to how it evolves;"A Study on the Effect of a Table&apos;s Involvement in Foreign Keys to its Schema Evolution.";Konstantinos Dimolikas, Apostolos V. Zarras, Panos Vassiliadis;2020;ER;Conference and Workshop Papers;https://dblp.org/rec/conf/er/DimolikasZV20;https://doi.org/10.1007/978-3-030-62522-1_34;456-470;;;;;10.1007/978-3-030-62522-1_34
conf/er/GaoZ12;2-s2.0-84868305003;302;431;647;302: Relational;431: Tool;647: Storing provenance information for data migration;A tool for capturing the provenance of schema constructs;Supporting Database Provenance under Schema Evolution.;Shi Gao, Carlo Zaniolo;2012;ER Workshops;Conference and Workshop Papers;https://dblp.org/rec/conf/er/GaoZ12;https://doi.org/10.1007/978-3-642-33999-8_9;67-77;;;;;10.1007/978-3-642-33999-8_9
conf/er/GiachosPBZV23;2-s2.0-85184350607;;;;;;;;Parallel lives diagrams for co-evolving communities and their application to schema evolution.;Fanis Giachos, Nikos Pantelidis, Christos Batsilas, Apostolos V. Zarras, Panos Vassiliadis;2023;ER;Conference and Workshop Papers;https://dblp.org/rec/conf/er/GiachosPBZV23;https://ceur-ws.org/Vol-3618/forum_paper_19.pdf;;;;;;
conf/er/HauslerKS23;2-s2.0-85184350146;;;;;;;;A language for graph database evolution and its implementation in Neo4j.;Dominique Hausler, Meike Klettke, Uta Störl;2023;ER;Conference and Workshop Papers;https://dblp.org/rec/conf/er/HauslerKS23;https://ceur-ws.org/Vol-3618/forum_paper_8.pdf;;;;;;
conf/er/HillenbrandSS21;2-s2.0-85118155847;;;;;;;;Remaining in Control of the Impact of Schema Evolution in NoSQL Databases.;Andrea Hillenbrand, Stefanie Scherzinger, Uta Störl;2021;ER;Conference and Workshop Papers;https://dblp.org/rec/conf/er/HillenbrandSS21;https://doi.org/10.1007/978-3-030-89022-3_13;149-159;;;;;10.1007/978-3-030-89022-3_13
conf/er/QuintarelliRT11;2-s2.0-80455168053;309;411;611;309: Other;411: Algebra;611: SMOs/Languages/Rigorous Models for schema evolution;Model for context schema and algebra for its evolution;Context Schema Evolution in Context-Aware Data Management.;Elisa Quintarelli, Emanuele Rabosio, Letizia Tanca;2011;ER;Conference and Workshop Papers;https://dblp.org/rec/conf/er/QuintarelliRT11;https://doi.org/10.1007/978-3-642-24606-7_22;290-303;;;;;10.1007/978-3-642-24606-7_22
conf/er/ScherzingerS20;2-s2.0-85097385437;;;;;;;;An Empirical Study on the Design and Evolution of NoSQL Database Schemas.;Stefanie Scherzinger, Sebastian Sidortschuck;2020;ER;Conference and Workshop Papers;https://dblp.org/rec/conf/er/ScherzingerS20;https://doi.org/10.1007/978-3-030-62522-1_33;441-455;;;;;10.1007/978-3-030-62522-1_33
conf/er/Suarez-OteroMCT21;2-s2.0-85118137382;;;;;;;;An Integrated Approach for Column-Oriented Database Application Evolution Using Conceptual Models.;Pablo Suárez-Otero, Michael J. Mior, María José Suárez-Cabal, Javier Tuya;2021;ER;Conference and Workshop Papers;https://dblp.org/rec/conf/er/Suarez-OteroMCT21;https://doi.org/10.1007/978-3-030-88358-4_3;26-32;;;;;10.1007/978-3-030-88358-4_3
conf/er/VassiliadisKZZ17;2-s2.0-85033445497;302;402;650;302: Relational;402: Empirical Study;650: Understanding how schemata evolve;Case study on how foreign keys evolve;Schema Evolution and Foreign Keys: Birth, Eviction, Change and Absence.;Panos Vassiliadis, Michail-Romanos Kolozoff, Maria Zerva, Apostolos V. Zarras;2017;ER;Conference and Workshop Papers;https://dblp.org/rec/conf/er/VassiliadisKZZ17;https://doi.org/10.1007/978-3-319-69904-2_9;106-119;;;;;10.1007/978-3-319-69904-2_9
conf/er/ZaschkeLN12;2-s2.0-84868330112;304;422, 431;641;304: Object Oriented DBs;"422: Method (not fully automated)
431: Tool";641: Data migration script generation;Method for extracting sequences of SMOs to modify a version of an OO database to another;Optimising Schema Evolution Operation Sequences in Object Databases for Data Evolution.;Tilmann Zäschke, Stefania Leone, Moira C. Norrie;2012;ER;Conference and Workshop Papers;https://dblp.org/rec/conf/er/ZaschkeLN12;https://doi.org/10.1007/978-3-642-34002-4_29;369-382;;;;;10.1007/978-3-642-34002-4_29
conf/ercimdl/Brunsmann11;2-s2.0-84891791855;305;422;678;305: NoSQL (Graph/ JSON/Key-Value/Other);422: Method (not fully automated);678: Handling of schema mappings among any two schemata;Method for capturing provenance for LOD metadata;Semantic Exploration of Archived Product Lifecycle Metadata under Schema and Instance Evolution.;Jörg Brunsmann;2011;SDA;Conference and Workshop Papers;https://dblp.org/rec/conf/ercimdl/Brunsmann11;https://ceur-ws.org/Vol-801/paper3.pdf;37-47;;;;;
conf/eScience/SchulerK22;2-s2.0-85145438632;;;;;;;;Managing Database-Application Co-Evolution in a Scientific Data Ecosystem.;Robert E. Schuler, Carl Kesselman;2022;e-Science;Conference and Workshop Papers;https://dblp.org/rec/conf/eScience/SchulerK22;https://doi.org/10.1109/eScience55777.2022.00035;214-224;;;;;10.1109/ESCIENCE55777.2022.00035
conf/eScience/SchulerSVWBK23;2-s2.0-85174314936;;;;;;;;Database Evolution, by Scientists, for Scientists: A Case Study.;Robert E. Schuler, Jitin Singla, Brinda Vallat, Kate L. White, Helen M. Berman, Carl Kesselman;2023;e-Science;Conference and Workshop Papers;https://dblp.org/rec/conf/eScience/SchulerSVWBK23;https://doi.org/10.1109/e-Science58273.2023.10254872;1-Οκτ;;;;;10.1109/E-SCIENCE58273.2023.10254872
conf/eurosys/LittHH21;2-s2.0-85104581833;;;;;;;;Cambria: Schema Evolution in Distributed Systems with Edit Lenses.;Geoffrey Litt, Peter van Hardenberg, Orion Henry;2021;PaPoC@EuroSys;Conference and Workshop Papers;https://dblp.org/rec/conf/eurosys/LittHH21;https://doi.org/10.1145/3447865.3457963;8:1-8:9;;;;;10.1145/3447865.3457963
conf/foiks/Ravve16;2-s2.0-84960326129;302;412;621, 633;302: Relational;412: Theoretical Proof;"621: Impact to peripheral constructs when the core schema changes
633: Guaranteeing the correctness/validity of peripheral constructs during evolution";Correctness theorems for view recomputations for changing schemata;Maintenance of Queries Under Database Changes: A Unified Logic Based Approach.;Elena V. Ravve;2016;FoIKS;Conference and Workshop Papers;https://dblp.org/rec/conf/foiks/Ravve16;https://doi.org/10.1007/978-3-319-30024-5_11;191-208;;;;;10.1007/978-3-319-30024-5_11
conf/gpce/VermolenWV11;2-s2.0-81455135806;302;422, 431;641;302: Relational;"422: Method (not fully automated)
431: Tool";641: Data migration script generation;Methods for data migrations for web app's with ORMs;Generating database migrations for evolving web applications.;Sander Daniël Vermolen, Guido Wachsmuth, Eelco Visser;2011;GPCE;Conference and Workshop Papers;https://dblp.org/rec/conf/gpce/VermolenWV11;https://doi.org/10.1145/2047862.2047876;83-92;;;;;10.1145/2047862.2047876
conf/gvd/NosingerKH14;2-s2.0-84919962557;303;421;612;303: XML;421: Algorithm (fully automated);612: SMO composition;Algorithm for reducing the amount of changes during the migration of XML data;Optimization of Sequences of XML Schema Modifications - The ROfEL Approach.;Thomas Nösinger, Meike Klettke, Andreas Heuer;2014;Grundlagen von Datenbanken;Conference and Workshop Papers;https://dblp.org/rec/conf/gvd/NosingerKH14;https://ceur-ws.org/Vol-1313/paper_3.pdf;Νοε-16;;;;;
conf/hase/AssoudiL11;2-s2.0-84856546983;302;431;678;302: Relational;431: Tool;678: Handling of schema mappings among any two schemata;Tool to retain schema mappings for evolving schemata;Self-Healing Data Exchange Process under Evolving Schemas: A New Mapping Adaptation Approach Based on Self-Optimization.;Hicham Assoudi, Hakim Lounis;2011;HASE;Conference and Workshop Papers;https://dblp.org/rec/conf/hase/AssoudiL11;https://doi.org/10.1109/HASE.2011.42;188-190;;;;;10.1109/HASE.2011.42
conf/ic3k/AzaiezA14;2-s2.0-84909951967;302;422;633;302: Relational;422: Method (not fully automated);633: Guaranteeing the correctness/validity of peripheral constructs during evolution;Method (via rules) for propagating DW schema changes to the data marts;How to Guarantee Analysis Results Coherence after Data Warehouse Schema Changes Propagation towards Data Marts?.;Noura Azaiez, Jalel Akaichi;2014;KEOD;Conference and Workshop Papers;https://dblp.org/rec/conf/ic3k/AzaiezA14;https://doi.org/10.5220/0005158304280435;428-435;;;;;10.5220/0005158304280435
conf/icde/CavalieriGM11a;2-s2.0-79958032099;;;;;;;EXCLUDE? vision / phd proposal on XML schema evolution and consistency checking;Updates on XML documents and schemas.;Federico Cavalieri, Giovanna Guerrini, Marco Mesiti;2011;ICDE Workshops;Conference and Workshop Papers;https://dblp.org/rec/conf/icde/CavalieriGM11a;https://doi.org/10.1109/ICDEW.2011.5767672;308-311;;;;;10.1109/ICDEW.2011.5767672
conf/icde/CavalieriGMO11;2-s2.0-79958073776;303;421, 412;612;303: XML;"421: Algorithm (fully automated)
412: Theoretical Proof";612: SMO composition;Algorithm for reducing the amount of changes to an XML schema;On the reduction of sequences of XML document and schema update operations.;Federico Cavalieri, Giovanna Guerrini, Marco Mesiti, Barbara Oliboni;2011;ICDE Workshops;Conference and Workshop Papers;https://dblp.org/rec/conf/icde/CavalieriGMO11;https://doi.org/10.1109/ICDEW.2011.5767649;77-86;;;;;10.1109/ICDEW.2011.5767649
conf/icde/Decker11;2-s2.0-79958024651;302;412;634;302: Relational;412: Theoretical Proof;634: Guaranteeing the correctness/validity of schema constraints during evolution;Method for guaranteeing schema consistency during evolution;Causes for inconsistency-tolerant schema update management.;Hendrik Decker;2011;ICDE Workshops;Conference and Workshop Papers;https://dblp.org/rec/conf/icde/Decker11;https://doi.org/10.1109/ICDEW.2011.5767628;157-161;;;;;10.1109/ICDEW.2011.5767628
conf/icde/HillenbrandSLNK20;2-s2.0-85085728192;305;431, 422;645;305: NoSQL (Graph/ JSON/Key-Value/Other);"431: Tool
422: Method (not fully automated)";645: Data migration strategy determination;Auto decision on lazy/eager/... migration of NoSQL data when they have to migrate (short discusion of tool);Towards Self-Adapting Data Migration in the Context of Schema Evolution in NoSQL Databases.;Andrea Hillenbrand, Uta Störl, Maksym Levchenko, Shamil Nabiyev, Meike Klettke;2020;ICDE Workshops;Conference and Workshop Papers;https://dblp.org/rec/conf/icde/HillenbrandSLNK20;https://doi.org/10.1109/ICDEW49219.2020.00013;133-138;;;;;10.1109/ICDEW49219.2020.00013
conf/icde/ScherzingerCA15;2-s2.0-84940829910;305;431;631, 622;305: NoSQL (Graph/ JSON/Key-Value/Other);431: Tool;"631: Guaranteeing the correctness/validity of schema and application code coevolution
622: Impact to external source code when the logical schema changes";Demo paper for a tool checking the consistency of class-schema evolution for apps over nosql data;ControVol: A framework for controlled schema evolution in NoSQL application development.;Stefanie Scherzinger, Thomas Cerqueus, Eduardo Cunha de Almeida;2015;ICDE;Conference and Workshop Papers;https://dblp.org/rec/conf/icde/ScherzingerCA15;https://doi.org/10.1109/ICDE.2015.7113402;1464-1467;;;;;10.1109/ICDE.2015.7113402
conf/icde/ScherzingerMK21;2-s2.0-85112865171;;;;;;;;DeBinelle: Semantic Patches for Coupled Database-Application Evolution.;Stefanie Scherzinger, Wolfgang Mauerer, Haridimos Kondylakis;2021;ICDE;Conference and Workshop Papers;https://dblp.org/rec/conf/icde/ScherzingerMK21;https://doi.org/10.1109/ICDE51399.2021.00307;2697-2700;;;;;10.1109/ICDE51399.2021.00307
conf/icde/Vassiliadis21;2-s2.0-85112866030;;;;;;;;Profiles of Schema Evolution in Free Open Source Software Projects.;Panos Vassiliadis;2021;ICDE;Conference and Workshop Papers;https://dblp.org/rec/conf/icde/Vassiliadis21;https://doi.org/10.1109/ICDE51399.2021.00008;1-Δεκ;;;;;10.1109/ICDE51399.2021.00008
conf/icde/WuN11;2-s2.0-79958059031;302;402, 431;650;302: Relational;"402: Empirical Study
431: Tool";650: Understanding how schemata evolve;Case study on schema evolution;Schema evolution analysis for embedded databases.;Shengfeng Wu, Iulian Neamtiu;2011;ICDE Workshops;Conference and Workshop Papers;https://dblp.org/rec/conf/icde/WuN11;https://doi.org/10.1109/ICDEW.2011.5767627;151-156;;;;;10.1109/ICDEW.2011.5767627
conf/icdim/BrahmiaGB16;2-s2.0-85014414922;303;411, 413;611;303: XML;"411: Algebra
413: Language";611: SMOs/Languages/Rigorous Models for schema evolution;Method for implementing changes to XML namespaces on the basis of an algebra of operations;Changes to XML namespaces in XML schemas and their effects on associated XML documents under schema versioning.;Zouhaier Brahmia, Fabio Grandi , Rafik Bouaziz;2016;ICDIM;Conference and Workshop Papers;https://dblp.org/rec/conf/icdim/BrahmiaGB16;https://doi.org/10.1109/ICDIM.2016.7829765;43-50;;;;;10.1109/ICDIM.2016.7829765
conf/iceis/CamposA25;2-s2.0-105020389931;;;;;;;;DynaSchema: A Library to Support the Relational Data Schema Evolution for the Self-Adaptive Software Domain.;Gabriel Nagassaki Campos, Frank José Affonso;2025;ICEIS;Conference and Workshop Papers;https://dblp.org/rec/conf/iceis/CamposA25;https://doi.org/10.5220/0013349000003929;722-733;;;;;10.5220/0013349000003929
conf/icse/JongD15;2-s2.0-84962284951;302;431;631, 635;302: Relational;431: Tool;"631: Guaranteeing the correctness/validity of schema and application code coevolution
635: Guaranteeing the zerodowntime of the evolution of a working system";Vision paper for a tool under construction for continuous deployment of apps in the presence of schema evolution;Continuous Deployment and Schema Evolution in SQL Databases.;Michael de Jong, Arie van Deursen;2015;RELENG@ICSE;Conference and Workshop Papers;https://dblp.org/rec/conf/icse/JongD15;https://doi.org/10.1109/RELENG.2015.14;16-19;;;;;10.1109/RELENG.2015.14
conf/icse/JongDC17;2-s2.0-85026828496;302;431;635;302: Relational;431: Tool;635: Guaranteeing the zerodowntime of the evolution of a working system;Method for schema migration via ghost tables for continuous delivery;Zero-Downtime SQL Database Schema Evolution for Continuous Deployment.;Michael de Jong, Arie van Deursen, Anthony Cleve;2017;ICSE-SEIP;Conference and Workshop Papers;https://dblp.org/rec/conf/icse/JongDC17;https://doi.org/10.1109/ICSE-SEIP.2017.5;143-152;;;;;10.1109/ICSE-SEIP.2017.5
conf/icseb/JaimoonS19;2-s2.0-85079879521;302, 308;422;631;"302: Relational
308: ORM";422: Method (not fully automated);631: Guaranteeing the correctness/validity of schema and application code coevolution;Method for evolving hibernate code in the presence of schema evolution;Impact Analysis of Database Schema Changes on Hibernate Source Code and Test Cases.;Amornrat Jaimoon, Taratip Suwannasart;2019;ICSEB;Conference and Workshop Papers;https://dblp.org/rec/conf/icseb/JaimoonS19;https://doi.org/10.1145/3374549.3374579;120-123;;;;;10.1145/3374549.3374579
conf/icsm/Al-BarakB16;2-s2.0-85010755945;302;401;680;302: Relational;401: General Framework;680: General observations/concepts/guidelines around schema evolution;Definition of debt, as potentially hidden problems in the design of a database that hinder evolution;Database Design Debts through Examining Schema Evolution.;Mashel Al-Barak, Rami Bahsoon;2016;MTD@ICSME;Conference and Workshop Papers;https://dblp.org/rec/conf/icsm/Al-BarakB16;https://doi.org/10.1109/MTD.2016.9;17-23;;;;;10.1109/MTD.2016.9
conf/icsm/DelplanqueEAA18;2-s2.0-85058312386;302;402;650, 661;302: Relational;402: Empirical Study;"650: Understanding how schemata evolve
661: Method/guidelines/hints on how to evolve a schema as a sequence of steps";Case study for the evolution of an industrial db and hints on how to handle evolution;Relational Database Schema Evolution: An Industrial Case Study.;Julien Delplanque, Anne Etien, Nicolas Anquetil, Olivier Auverlot;2018;ICSME;Conference and Workshop Papers;https://dblp.org/rec/conf/icsm/DelplanqueEAA18;https://doi.org/10.1109/ICSME.2018.00073;635-644;;;;;10.1109/ICSME.2018.00073
conf/icsm/GobertMCW13;2-s2.0-84891679693;302;421;675;302: Relational;421: Algorithm (fully automated);675: Computing the diachronic schema;Algorithm to extract the diachronic schema across versions, to allow visualization of schema evolution;Understanding Schema Evolution as a Basis for Database Reengineering.;Maxime Gobert , Jerome Maes, Anthony Cleve, Jens H. Weber;2013;ICSM;Conference and Workshop Papers;https://dblp.org/rec/conf/icsm/GobertMCW13;https://doi.org/10.1109/ICSM.2013.75;472-475;;;;;10.1109/ICSM.2013.75
conf/icst/GargD12;2-s2.0-84862321807;302;422, 431;622;302: Relational;"422: Method (not fully automated)
431: Tool";622: Impact to external source code when the logical schema changes;Method to identify software tests that should be prioritized due to schema evolution;Test Case Prioritization Due to Database Changes in Web Applications.;Deepak Garg , Amitava Datta;2012;ICST;Conference and Workshop Papers;https://dblp.org/rec/conf/icst/GargD12;https://doi.org/10.1109/ICST.2012.163;726-730;;;;;10.1109/ICST.2012.163
conf/icwe/BraunschweigTL11;2-s2.0-84857726278;;;;;;;EXCLUDE? vision / phd proposal on how to introduce a generic model for multi-model apps and allow evolution;A Flexible Graph-Based Data Model Supporting Incremental Schema Design and Evolution.;Katrin Braunschweig, Maik Thiele, Wolfgang Lehner;2011;ICWE Workshops;Conference and Workshop Papers;https://dblp.org/rec/conf/icwe/BraunschweigTL11;https://doi.org/10.1007/978-3-642-27997-3_29;302-306;;;;;10.1007/978-3-642-27997-3_29
conf/icws/KlimekN12;2-s2.0-84866412361;303;411, 431;611;303: XML;"411: Algebra
431: Tool";611: SMOs/Languages/Rigorous Models for schema evolution;Algebra for schema evolution on XML data;Formal Evolution of XML Schemas with Inheritance.;Jakub Klímek, Martin Necaský;2012;ICWS;Conference and Workshop Papers;https://dblp.org/rec/conf/icws/KlimekN12;https://doi.org/10.1109/ICWS.2012.11;496-503;;;;;10.1109/ICWS.2012.11
conf/idc/ChytilPNH13;2-s2.0-84958524343;302;421;633;302: Relational;421: Algorithm (fully automated);633: Guaranteeing the correctness/validity of peripheral constructs during evolution;Propagation of schema changes to adapt SQL queries;Evolution of a Relational Schema and Its Impact on SQL Queries.;Martin Chytil, Marek Polák, Martin Necaský, Irena Holubová;2013;IDC;Conference and Workshop Papers;https://dblp.org/rec/conf/idc/ChytilPNH13;https://doi.org/10.1007/978-3-319-01571-2_2;Μαϊ-15;;;;;10.1007/978-3-319-01571-2_2
conf/ideas/HolubovaKL22;2-s2.0-85139056317;;;;;;;;Self-Adapting Design and Maintenance of Multi-Model Databases.;Irena Holubová, Pavel Koupil, Jiaheng Lu;2022;IDEAS;Conference and Workshop Papers;https://dblp.org/rec/conf/ideas/HolubovaKL22;https://doi.org/10.1145/3548785.3548810;Σεπ-15;;;;;10.1145/3548785.3548810
conf/iiwas/ChabinEFH20;2-s2.0-85100333383;;;;;;;;Graph Rewriting Rules for RDF Database Evolution Management.;Jacques Chabin, Cédric Eichler, Mírian Halfeld Ferrari, Nicolas Hiot;2020;iiWAS;Conference and Workshop Papers;https://dblp.org/rec/conf/iiwas/ChabinEFH20;https://doi.org/10.1145/3428757.3429126;134-143;;;;;10.1145/3428757.3429126
conf/iiwas/NecaskyKMH13;2-s2.0-84896812409;303;431, 422;678;303: XML;"431: Tool
422: Method (not fully automated)";678: Handling of schema mappings among any two schemata;Schema mappings among schema versions for XML data;Methodology for Design and Evolution of XML Schemas using Conceptual Modeling.;Martin Necaský, Jakub Klímek, Jakub Malý, Irena Holubová;2013;iiWAS;Conference and Workshop Papers;https://dblp.org/rec/conf/iiwas/NecaskyKMH13;https://doi.org/10.1145/2539150.2539189;508;;;;;10.1145/2539150.2539189
conf/ipaw/Auge018;2-s2.0-85053830701;302;401;633;302: Relational;401: General Framework;633: Guaranteeing the correctness/validity of peripheral constructs during evolution;Poster paper on a vision for computing the minimal subset of db to be preserved to allow query correctness in the presence of evolution;Combining Provenance Management and Schema Evolution.;Tanja Auge, Andreas Heuer;2018;IPAW;Conference and Workshop Papers;https://dblp.org/rec/conf/ipaw/Auge018;https://doi.org/10.1007/978-3-319-98379-0_24;222-225;;;;;10.1007/978-3-319-98379-0_24
conf/isat/BhroitheHSPHFF19;2-s2.0-85072842169;302;431;634, 635;302: Relational;431: Tool;"634: Guaranteeing the correctness/validity of schema constraints during evolution
635: Guaranteeing the zerodowntime of the evolution of a working system";Tool for handling the evolution of a schema at the metadata level;A Generic Approach to Schema Evolution in Live Relational Databases.;"Anna O&apos;Faoláin de Bhróithe, Fritz Heiden, Alena Schemmert, Dschialin Phan, Lillian Hung, Jörn Freiheit, Frank Fuchs-Kittowski";2019;ISAT;Conference and Workshop Papers;https://dblp.org/rec/conf/isat/BhroitheHSPHFF19;https://doi.org/10.1007/978-3-030-30440-9_11;105-118;;;;;10.1007/978-3-030-30440-9_11
conf/isda/BoukettayaNG18;2-s2.0-85065487694;305;422;643;305: NoSQL (Graph/ JSON/Key-Value/Other);422: Method (not fully automated);643: Efficiently performing lazy data migration;Method for migrating graph databases;Towards the Evolution of Graph Oriented Databases.;Soumaya Boukettaya, Ahlem Nabli, Faïez Gargouri;2018;ISDA;Conference and Workshop Papers;https://dblp.org/rec/conf/isda/BoukettayaNG18;https://doi.org/10.1007/978-3-030-16660-1_39;392-399;;;;;10.1007/978-3-030-16660-1_39
conf/isdfs/ShimmiDKA20;2-s2.0-85087638720;;;;;;;;Analysis of iOS SQLite Schema Evolution for Updating Forensic Data Extraction Tools.;Samiha S. Shimmi, Gokila Dorai, Umit Karabiyik, Sudhir Aggarwal;2020;ISDFS;Conference and Workshop Papers;https://dblp.org/rec/conf/isdfs/ShimmiDKA20;https://doi.org/10.1109/ISDFS49300.2020.9116208;1-Ιουλ;;;;;10.1109/ISDFS49300.2020.9116208
conf/issta/ScherzingerSWKS16;2-s2.0-85050057005;305;431;643;305: NoSQL (Graph/ JSON/Key-Value/Other);431: Tool;643: Efficiently performing lazy data migration;Demo paper on a tool for lazy data migration of NoSQL data;Datalution: a tool for continuous schema evolution in NoSQL-backed web applications.;Stefanie Scherzinger, Stephanie Sombach, Katharina Wiech, Meike Klettke, Uta Störl;2016;QUDOS@ISSTA;Conference and Workshop Papers;https://dblp.org/rec/conf/issta/ScherzingerSWKS16;https://doi.org/10.1145/2945408.2945416;38-39;;;;;10.1145/2945408.2945416
conf/kbse/XieY021;2-s2.0-85125446724;;;;;;;;Automated Code Refactoring upon Database-Schema Changes in Web Applications.;Sophie Xie, Junwen Yang, Shan Lu;2021;ASE;Conference and Workshop Papers;https://dblp.org/rec/conf/kbse/XieY021;https://doi.org/10.1109/ASE51524.2021.9678934;1262-1265;;;;;10.1109/ASE51524.2021.9678934
conf/lwa/AugeMJF020;2-s2.0-85096361442;;;;;;;;Schema Evolution and Reproducibility of Long-term Hydrographic Data Sets at the IOW.;Tanja Auge, Erik Manthey, Susanne Jürgensmann, Susanne Feistel, Andreas Heuer;2020;LWDA;Conference and Workshop Papers;https://dblp.org/rec/conf/lwa/AugeMJF020;https://ceur-ws.org/Vol-2738/LWDA2020_paper_19.pdf;258-269;;;;;
conf/medi/Vassiliadis17;2-s2.0-85030718951;;;;;;;EXCLUDE: Keynote;Schema Evolution and Gravitation to Rigidity: A Tale of Calmness in the Lives of Structured Data.;Panos Vassiliadis;2017;MEDI;Conference and Workshop Papers;https://dblp.org/rec/conf/medi/Vassiliadis17;https://doi.org/10.1007/978-3-319-66854-3_2;18-23;;;;;10.1007/978-3-319-66854-3_2
conf/missi/MarciniakP12;2-s2.0-84867921934;303;421;672;303: XML;421: Algorithm (fully automated);672: Computing the diff of two schemata;Algorithm for detecting delta changes between XML schema versions;Tracking Changes in Database Schemas.;Jakub Marciniak, Tadeusz Pankowski;2012;MISSI;Conference and Workshop Papers;https://dblp.org/rec/conf/missi/MarciniakP12;https://doi.org/10.1007/978-3-642-32335-5_15;155-165;;;;;10.1007/978-3-642-32335-5_15
conf/models/EckwertGT22;2-s2.0-85142933296;;;;;;;;EvolveDB: a tool for model driven schema evolution.;Torben Eckwert, Michael Guckert, Gabriele Taentzer;2022;MoDELS;Conference and Workshop Papers;https://dblp.org/rec/conf/models/EckwertGT22;https://doi.org/10.1145/3550356.3559095;61-65;;;;;10.1145/3550356.3559095
conf/models/Gotz015;2-s2.0-84954564351;302, 308;422;631;"302: Relational
308: ORM";422: Method (not fully automated);631: Guaranteeing the correctness/validity of schema and application code coevolution;Method for syncronizing software in the presence of schema evolution;Models@run.time for Object-Relational Mapping Supporting Schema Evolution.;Sebastian Götz, Thomas Kühn;2015;Models@run.time;Conference and Workshop Papers;https://dblp.org/rec/conf/models/Gotz015;https://ceur-ws.org/Vol-1474/MRT15_paper_10.pdf;41-50;;;;;
conf/models/Hausler24;2-s2.0-85212208283;;;;;;;;Estimation, Impact and Visualization of Schema Evolution in Graph Databases.;Dominique Hausler;2024;MoDELS;Conference and Workshop Papers;https://dblp.org/rec/conf/models/Hausler24;https://doi.org/10.1145/3652620.3688196;123-129;;;;;10.1145/3652620.3688196
conf/models/HauslerK24;2-s2.0-85212233878;;;;;;;;Nautilus: Implementation of an Evolution Approach for Graph Databases.;Dominique Hausler, Meike Klettke;2024;MoDELS;Conference and Workshop Papers;https://dblp.org/rec/conf/models/HauslerK24;https://doi.org/10.1145/3652620.3687781;Νοε-15;;;;;10.1145/3652620.3687781
conf/modelsward/HillenbrandS22;2-s2.0-85172766050;;;;;;;;Automated Curation of Variational Data in NoSQL Databases through Metric-driven Self-adaptive Migration Strategies.;Andrea Hillenbrand, Uta Störl;2022;MODELSWARD;Conference and Workshop Papers;https://dblp.org/rec/conf/modelsward/HillenbrandS22;https://doi.org/10.5220/0010891300003119;279-286;;;;;10.5220/0010891300003119
conf/modelsward/HillenbrandS22a;2-s2.0-85172136418;;;;;;;;Managing Schema Migration in NoSQL Databases: Advisor Heuristics vs. Self-adaptive Schema Migration Strategies.;Andrea Hillenbrand, Uta Störl;2022;MODELSWARD;Conference and Workshop Papers;https://dblp.org/rec/conf/modelsward/HillenbrandS22a;https://doi.org/10.1007/978-3-031-38821-7_11;230-253;;;;;10.1007/978-3-031-38821-7_11
conf/mompes/MoriC12;2-s2.0-84879865774;301, 302;421;632;"301: Conceptual (ER/UML/Other)
302: Relational";421: Algorithm (fully automated);632: Guaranteeing the correctness/validity of conceptual and logical schema coevolution;Algorithm for synchronizing conceptual and logical schema evolution & ensuring consistency;Feature-Based Adaptation of Database Schemas.;Marco Mori, Anthony Cleve;2012;MOMPES;Conference and Workshop Papers;https://dblp.org/rec/conf/mompes/MoriC12;https://doi.org/10.1007/978-3-642-38209-3_6;85-105;;;;;10.1007/978-3-642-38209-3_6
conf/oopsla/SalamaMR12;2-s2.0-84869771732;;;;;;;EXCLUDE? testing framework for data and code changes (does not say how);A methodology for managing database and code changes in a regression testing framework.;Roberto Salama, James McGuire, Michael K. Rosenberg;2012;SPLASH;Conference and Workshop Papers;https://dblp.org/rec/conf/oopsla/SalamaMR12;https://doi.org/10.1145/2384716.2384766;117-120;;;;;10.1145/2384716.2384766
conf/otm/Balsters12;2-s2.0-84873824623;;;;;;;EXCLUDE? reverse engineering for a legacy db via a conceptual framework. Irrelevant to schema evolution?;ORM Logic-Based English (OLE) and the ORM ReDesigner Tool: Fact-Based Reengineering and Migration of Relational Databases.;Herman Balsters;2012;OTM Workshops;Conference and Workshop Papers;https://dblp.org/rec/conf/otm/Balsters12;https://doi.org/10.1007/978-3-642-33618-8_50;358-367;;;;;10.1007/978-3-642-33618-8_50
conf/otm/MoesWBH12;2-s2.0-84873823740;301;402, 422;661;301: Conceptual (ER/UML/Other);"402: Empirical Study
422: Method (not fully automated)";661: Method/guidelines/hints on how to evolve a schema as a sequence of steps;Method for migrating legacy db's via a conceptual framework;A Validatable Legacy Database Migration Using ORM.;Tjeerd H. Moes, Jan Pieter Wijbenga, Herman Balsters, George B. Huitema;2012;OTM Workshops;Conference and Workshop Papers;https://dblp.org/rec/conf/otm/MoesWBH12;https://doi.org/10.1007/978-3-642-33618-8_55;409-418;;;;;10.1007/978-3-642-33618-8_55
conf/otm/NecaskyMK11;2-s2.0-81255166891;303, 301;411, 422;611, 632;"303: XML
301: Conceptual (ER/UML/Other)";"411: Algebra
422: Method (not fully automated)";"611: SMOs/Languages/Rigorous Models for schema evolution
632: Guaranteeing the correctness/validity of conceptual and logical schema coevolution";XML schema evolution via a platform-independent model and an algebra of operations;Model-Driven Approach to XML Schema Evolution.;Martin Necaský, Irena Mlýnková, Jakub Klímek;2011;OTM Workshops;Conference and Workshop Papers;https://dblp.org/rec/conf/otm/NecaskyMK11;https://doi.org/10.1007/978-3-642-25126-9_63;514-523;;;;;10.1007/978-3-642-25126-9_63
conf/pldi/RennerSBLS21;2-s2.0-85108906384;;;;;;;;"Scooter &amp; Sidecar: a domain-specific approach to writing secure database migrations.";John Renner, Alex Sanchez-Stern, Fraser Brown, Sorin Lerner, Deian Stefan;2021;PLDI;Conference and Workshop Papers;https://dblp.org/rec/conf/pldi/RennerSBLS21;https://doi.org/10.1145/3453483.3454072;710-724;;;;;10.1145/3453483.3454072
conf/qrs/MeuriceNC16;2-s2.0-84995503678;302, 308;422;622, 631;"302: Relational
308: ORM";422: Method (not fully automated);"622: Impact to external source code when the logical schema changes
631: Guaranteeing the correctness/validity of schema and application code coevolution";Method for what-if analysis for schema evolution in the presence of JPA;Detecting and Preventing Program Inconsistencies under Database Schema Evolution.;Loup Meurice, Csaba Nagy , Anthony Cleve;2016;QRS;Conference and Workshop Papers;https://dblp.org/rec/conf/qrs/MeuriceNC16;https://doi.org/10.1109/QRS.2016.38;262-273;;;;;10.1109/QRS.2016.38
conf/RelMiCS/JoostenJ24;2-s2.0-85201975358;;;;;;;;Data Migration Under a Changing Schema in Ampersand.;Sebastiaan J. C. Joosten, Stef Joosten;2024;RAMiCS;Conference and Workshop Papers;https://dblp.org/rec/conf/RelMiCS/JoostenJ24;https://doi.org/10.1007/978-3-031-68279-7_11;175-192;;;;;10.1007/978-3-031-68279-7_11
conf/sac/PicalausaSZ11;2-s2.0-79959289097;;;;;;;EXCLUDE? framework for on-line validation of XML data, via an automaton. Irrelevant to schema evolution?;XEvolve: an XML schema evolution framework.;François Picalausa, Frédéric Servais, Esteban Zimányi;2011;SAC;Conference and Workshop Papers;https://dblp.org/rec/conf/sac/PicalausaSZ11;https://doi.org/10.1145/1982185.1982530;1645-1650;;;;;10.1145/1982185.1982530
conf/scam/FinkGC20;2-s2.0-85097643045;;;;;;;;Adapting Queries to Database Schema Changes in Hybrid Polystores.;Jérôme Fink, Maxime Gobert , Anthony Cleve;2020;SCAM;Conference and Workshop Papers;https://dblp.org/rec/conf/scam/FinkGC20;https://doi.org/10.1109/SCAM51674.2020.00019;127-131;;;;;10.1109/SCAM51674.2020.00019
conf/seke/OubelliABCL19;2-s2.0-85071360392;301;422, 431;661;301: Conceptual (ER/UML/Other);"422: Method (not fully automated)
431: Tool";661: Method/guidelines/hints on how to evolve a schema as a sequence of steps;Method and tool to check the correctness of conceptual model evolution with respect to data preservation on the basis of rules;Finding conservative schema evolutions by analysing API changes.;Lynda Ait Oubelli, Yamine Aït Ameur, Judicaël Bedouet, Benoît Chausserie-Lapree, Béatrice Larzul;2019;SEKE;Conference and Workshop Papers;https://dblp.org/rec/conf/seke/OubelliABCL19;https://doi.org/10.18293/SEKE2019-132;748-777;;;;;10.18293/SEKE2019-132
conf/semweb/BaronciniMSSP22;2-s2.0-85142359880;;;;;;;;Analysing the Evolution of Community-Driven (Sub-)Schemas within Wikidata.;Sofia Baroncini, Margherita Martorana, Mario Scrocca, Zuzanna Smiech, Axel Polleres;2022;Wikidata@ISWC;Conference and Workshop Papers;https://dblp.org/rec/conf/semweb/BaronciniMSSP22;https://ceur-ws.org/Vol-3262/paper5.pdf;;;;;;
conf/sigmod/BhattacherjeeLH21;2-s2.0-85108970404;;;;;;;;BullFrog: Online Schema Evolution via Lazy Evaluation.;Souvik Bhattacherjee, Gang Liao, Michael Hicks , Daniel J. Abadi;2021;SIGMOD Conference;Conference and Workshop Papers;https://dblp.org/rec/conf/sigmod/BhattacherjeeLH21;https://doi.org/10.1145/3448016.3452842;194-206;;;;;10.1145/3448016.3452842
conf/sigmod/HerrmannVBRL17;2-s2.0-85021194591;302;411, 431, 413;611, 677;302: Relational;"411: Algebra
431: Tool
413: Language";"611: SMOs/Languages/Rigorous Models for schema evolution
677: Schema version management techniques";Bidirectional transformations across schema versions;Living in Parallel Realities: Co-Existing Schema Versions with a Bidirectional Database Evolution Language.;Kai Herrmann , Hannes Voigt, Andreas Behrend, Jonas Rausch, Wolfgang Lehner;2017;SIGMOD Conference;Conference and Workshop Papers;https://dblp.org/rec/conf/sigmod/HerrmannVBRL17;https://doi.org/10.1145/3035918.3064046;1101-1116;;;;;10.1145/3035918.3064046
conf/sigsoft/QiuLS13;2-s2.0-84883716265;302;402;650;302: Relational;402: Empirical Study;650: Understanding how schemata evolve;Case study on schema evolution, as well as schema and software co-evolution;An empirical analysis of the co-evolution of schema and code in database applications.;Dong Qiu, Bixin Li, Zhendong Su;2013;ESEC/SIGSOFT FSE;Conference and Workshop Papers;https://dblp.org/rec/conf/sigsoft/QiuLS13;https://doi.org/10.1145/2491411.2491431;125-135;;;;;10.1145/2491411.2491431
conf/splc/0001LPP23;2-s2.0-85176013364;;;;;;;;Adapting the Database to Feature Changes in Software Product Lines.;Alejandro Cortiñas , Miguel R. Luaces, Oscar Pedreira, Ángeles Saavedra Places;2023;SPLC;Conference and Workshop Papers;https://dblp.org/rec/conf/splc/0001LPP23;https://doi.org/10.1145/3579027.3608990;194-200;;;;;10.1145/3579027.3608990
conf/splc/Klettke25;2-s2.0-105017224476;;;;;;;;Evolution of Relational Databases, NoSQL and Graph Databases.;Meike Klettke;2025;SPLC;Conference and Workshop Papers;https://dblp.org/rec/conf/splc/Klettke25;https://doi.org/10.1145/3744915.3749150;1;;;;;10.1145/3744915.3749150
conf/ssdbm/SchulerK18;2-s2.0-85054936365;302;411, 413;611;302: Relational;"411: Algebra
413: Language";611: SMOs/Languages/Rigorous Models for schema evolution;Algebra and language of SMOs;Towards an efficient and effective framework for the evolution of scientific databases.;Robert E. Schuler, Carl Kesselman;2018;SSDBM;Conference and Workshop Papers;https://dblp.org/rec/conf/ssdbm/SchulerK18;https://doi.org/10.1145/3221269.3221300;27:1-27:4;;;;;10.1145/3221269.3221300
conf/ssdbm/SchulerK19;2-s2.0-85071260825;302;411, 413, 431;611, 612;302: Relational;"411: Algebra
413: Language
431: Tool";"611: SMOs/Languages/Rigorous Models for schema evolution
612: SMO composition";Algebra, language and optimization of SMOs sequences in a tool;A High-level User-oriented Framework for Database Evolution.;Robert E. Schuler, Carl Kesselman;2019;SSDBM;Conference and Workshop Papers;https://dblp.org/rec/conf/ssdbm/SchulerK19;https://doi.org/10.1145/3335783.3335787;157-168;;;;;10.1145/3335783.3335787
conf/tapp/GaoZ12;2-s2.0-85090511380;302;431;647;302: Relational;431: Tool;647: Storing provenance information for data migration;A tool for capturing the provenance of schema constructs;Provenance Management in Databases Under Schema Evolution.;Shi Gao, Carlo Zaniolo;2012;TaPP;Conference and Workshop Papers;https://dblp.org/rec/conf/tapp/GaoZ12;https://www.usenix.org/conference/tapp12/workshop-program/presentation/gao;;;;;;
conf/tpctc/ConradMKMKS21;2-s2.0-85124005675;;;;;;;;EvoBench: Benchmarking Schema Evolution in NoSQL.;André Conrad, Mark Lukas Möller, Tobias Kreiter, Jan-Christopher Mair, Meike Klettke, Uta Störl;2021;TPCTC;Conference and Workshop Papers;https://dblp.org/rec/conf/tpctc/ConradMKMKS21;https://doi.org/10.1007/978-3-030-94437-7_3;33-49;;;;;10.1007/978-3-030-94437-7_3
conf/trustcom/BaqasahPHR13;2-s2.0-84893516793;303;421;672;303: XML;421: Algorithm (fully automated);672: Computing the diff of two schemata;Algorithm for detecting delta changes between XML schema versions;On Change Detection of XML Schemas.;Abdullah M. Baqasah, Eric Pardede, Irena Holubová, J. Wenny Rahayu;2013;TrustCom/ISPA/IUCC;Conference and Workshop Papers;https://dblp.org/rec/conf/trustcom/BaqasahPHR13;https://doi.org/10.1109/TrustCom.2013.119;974-982;;;;;10.1109/TRUSTCOM.2013.119
conf/vldb/Andre23;2-s2.0-85169437281;;;;;;;;Automated Database Schema Evolution in Microservices.;Maxime André;2023;PhD@VLDB;Conference and Workshop Papers;https://dblp.org/rec/conf/vldb/Andre23;https://ceur-ws.org/Vol-3452/paper10.pdf;37-40;;;;;
conf/waim/XueSNKY12;2-s2.0-84865614969;302;422, 432;646;302: Relational;"422: Method (not fully automated)
432: DBMS internal mechanism";646: Data migration virtually via query/view rewriting;Method to create views to allow virtual schema evolution;A Transparent Approach for Database Schema Evolution Using View Mechanism.;Jianxin Xue, Derong Shen, Tiezheng Nie, Yue Kou, Ge Yu;2012;WAIM;Conference and Workshop Papers;https://dblp.org/rec/conf/waim/XueSNKY12;https://doi.org/10.1007/978-3-642-32281-5_40;405-418;;;;;10.1007/978-3-642-32281-5_40
conf/wcre/AfonsoSCMCG20;2-s2.0-85083572792;;;;;;;;LESSQL: Dealing with Database Schema Changes in Continuous Deployment.;Ariel Afonso, Altigran S. da Silva, Tayana Conte, Paulo Martins , João M. B. Cavalcanti, Alessandro Garcia;2020;SANER;Conference and Workshop Papers;https://dblp.org/rec/conf/wcre/AfonsoSCMCG20;https://doi.org/10.1109/SANER48275.2020.9054796;138-148;;;;;10.1109/SANER48275.2020.9054796
conf/wcre/MeuriceC17;2-s2.0-85018415398;305;421;674, 673;305: NoSQL (Graph/ JSON/Key-Value/Other);421: Algorithm (fully automated);"674: Reverse engineering /extraction of the entire history of a schema
673: Reverse engineering /extraction of a schema snapshot";Method for both snapshot + historical schema extraction for NoSQL databases;Supporting schema evolution in schema-less NoSQL data stores.;Loup Meurice, Anthony Cleve;2017;SANER;Conference and Workshop Papers;https://dblp.org/rec/conf/wcre/MeuriceC17;https://doi.org/10.1109/SANER.2017.7884653;457-461;;;;;10.1109/SANER.2017.7884653
conf/webist/AkazawaMS20;2-s2.0-85107112945;;;;;;;;Transforming Property Path Query According to Shape Expression Schema Update.;Goki Akazawa, Naoto Matsubara, Nobutaka Suzuki;2020;WEBIST;Conference and Workshop Papers;https://dblp.org/rec/conf/webist/AkazawaMS20;https://doi.org/10.5220/0010173002920298;292-298;;;;;10.5220/0010173002920298
conf/wism/ZhangLS11;2-s2.0-80053401242;307;421;649;307: Model-Independent;421: Algorithm (fully automated);649: Data migration: other;Method to guarantee privacy as data chunks evolve;Data Privacy Preservation during Schema Evolution for Multi-tenancy Applications in Cloud Computing.;Kun Zhang , Qingzhong Li, Yuliang Shi;2011;WISM;Conference and Workshop Papers;https://dblp.org/rec/conf/wism/ZhangLS11;https://doi.org/10.1007/978-3-642-23971-7_47;376-383;;;;;10.1007/978-3-642-23971-7_47
conf/worldcist/PereiraP14;2-s2.0-84898614532;307;431;631;307: Model-Independent;431: Tool;631: Guaranteeing the correctness/validity of schema and application code coevolution;Aspect-oriented tool for supporting schema and software co-evolution;Towards a Flexible and Transparent Database Evolution.;Rui Humberto R. Pereira, J. Baltasar García Pérez-Schofield;2014;WorldCIST;Conference and Workshop Papers;https://dblp.org/rec/conf/worldcist/PereiraP14;https://doi.org/10.1007/978-3-319-05948-8_3;23-33;;;;;10.1007/978-3-319-05948-8_3
journals/acj/AhmedALSBR11;2-s2.0-84860496510;302;422, 431;672;302: Relational;"422: Method (not fully automated)
431: Tool";672: Computing the diff of two schemata;Ontology for capturing schema evolution and rules for keeping then in-sync;Using Ontologies to Synchronize Change in Relational Database Systems.;Waqas Ahmed , Muhammad Ahtisham Aslam, Antonio A. Lopez-Lorca, Jun Shen , Ghassan Beydoun, Debbie Richards;2011;J. Res. Pract. Inf. Technol.;Journal Articles;https://dblp.org/rec/journals/acj/AhmedALSBR11;http://ws.acs.org.au/jrpit/JRPITVolumes/JRPIT43/JRPIT43.2.89.pdf;89-108;43;2;;;
journals/cacm/GuhaBM16;2-s2.0-84957916230;;;;;;;EXCLUDE: Description of schema.org: a set of vocabularies for data exchange over the web.;Schema.org: evolution of structured data on the web.;Ramanathan V. Guha, Dan Brickley, Steve Macbeth;2016;Commun. ACM;Journal Articles;https://dblp.org/rec/journals/cacm/GuhaBM16;https://doi.org/10.1145/2844544;44-51;59;2;;;10.1145/2844544
journals/cacm/StonebrakerFDB17;2-s2.0-85008626078;;;;;;;Short highlight of the problem of data decay and hints on how to fight it;What to do about database decay.;Michael Stonebraker, Raul Castro Fernandez, Dong Deng , Michael L. Brodie;2017;Commun. ACM;Journal Articles;https://dblp.org/rec/journals/cacm/StonebrakerFDB17;https://doi.org/10.1145/3014349;11;60;1;;;10.1145/3014349
journals/cai/SilvaPVM12;2-s2.0-84865227618;303;421, 431;669;303: XML;"421: Algorithm (fully automated)
431: Tool";669: Methodologies for schema evolution: other;Algorithms and tools for generating a grammar for a new XML schema, either given a previous version of the schema, or data samples;Search-Based Evolution of XML Schemas.;Julio Cesar Teodoro Silva, Aurora Trinidad Ramirez Pozo, Silvia Regina Vergilio, Martin A. Musicante;2012;Comput. Informatics;Journal Articles;https://dblp.org/rec/journals/cai/SilvaPVM12;http://www.cai.sk/ojs/index.php/cai/article/view/1009;573-;31;3;;;
journals/computing/VassiliadisKZZ19;2-s2.0-85060434447;302;402;650;302: Relational;402: Empirical Study;650: Understanding how schemata evolve;Case study on how foreign keys evolve;Schema evolution and foreign keys: a study on usage, heartbeat of change and relationship of foreign keys to table activity.;Panos Vassiliadis, Michail-Romanos Kolozoff, Maria Zerva, Apostolos V. Zarras;2019;Computing;Journal Articles;https://dblp.org/rec/journals/computing/VassiliadisKZZ19;https://doi.org/10.1007/s00607-019-00702-x;1431-1456;101;10;;;10.1007/S00607-019-00702-X
journals/dpd/HillenbrandSNK22;2-s2.0-85105190738;;;;;;;;Self-adapting data migration in the context of schema evolution in NoSQL databases.;Andrea Hillenbrand, Uta Störl, Shamil Nabiyev, Meike Klettke;2022;Distributed Parallel Databases;Journal Articles;https://dblp.org/rec/journals/dpd/HillenbrandSNK22;https://doi.org/10.1007/s10619-021-07334-1;Μαϊ-25;40;1;;;10.1007/S10619-021-07334-1
journals/dpd/SchulerK21;2-s2.0-85094139652;;;;;;;;CHiSEL: a user-oriented framework for simplifing database evolution.;Robert Schuler, Carl Kesselman;2021;Distributed Parallel Databases;Journal Articles;https://dblp.org/rec/journals/dpd/SchulerK21;https://doi.org/10.1007/s10619-020-07314-x;483-543;39;2;;;10.1007/S10619-020-07314-X
journals/idt/TalebTL14;2-s2.0-84899005771;;;;;;;EXCLUDE? Algorithm for detecting changes between ontologies. Not sure if relevant;"A method based on OWL schema for detecting changes between Ontology&apos;s versions.";Nora Taleb, Bornia Tighiouart, Sara Laiche;2014;Intell. Decis. Technol.;Journal Articles;https://dblp.org/rec/journals/idt/TalebTL14;https://doi.org/10.3233/IDT-130176;45-52;8;1;;;10.3233/IDT-130176
journals/ijitwe/BrahmiaGOB14;2-s2.0-84919695234;303;411;611;303: XML;411: Algebra;611: SMOs/Languages/Rigorous Models for schema evolution;Algebra for schema evolution on XML data;Schema Change Operations for Full Support of Schema Versioning in the τXSchema Framework.;Zouhaier Brahmia, Fabio Grandi , Barbara Oliboni, Rafik Bouaziz;2014;Int. J. Inf. Technol. Web Eng.;Journal Articles;https://dblp.org/rec/journals/ijitwe/BrahmiaGOB14;https://doi.org/10.4018/ijitwe.2014040102;20-46;9;2;;;10.4018/IJITWE.2014040102
journals/ijwgs/BaqasahPRH15;2-s2.0-84928408970;303;421;672;303: XML;421: Algorithm (fully automated);672: Computing the diff of two schemata;Algorithm for detecting delta changes between XML schema versions;XS-Diff: XML schema change detection algorithm.;Abdullah M. Baqasah, Eric Pardede, J. Wenny Rahayu, Irena Holubová;2015;Int. J. Web Grid Serv.;Journal Articles;https://dblp.org/rec/journals/ijwgs/BaqasahPRH15;https://doi.org/10.1504/IJWGS.2015.068897;160-192;11;2;;;10.1504/IJWGS.2015.068897
journals/ijwis/ChabinEFH21;2-s2.0-85113663145;;;;;;;;Graph rewriting rules for RDF database evolution: optimizing side-effect processing.;Jacques Chabin, Cédric Eichler, Mírian Halfeld Ferrari, Nicolas Hiot;2021;Int. J. Web Inf. Syst.;Journal Articles;https://dblp.org/rec/journals/ijwis/ChabinEFH21;https://doi.org/10.1108/IJWIS-03-2021-0033;622-644;17;6;;;10.1108/IJWIS-03-2021-0033
journals/informaticaLT/KlimekMNH15;2-s2.0-84951735908;303;401, 422;678;303: XML;"401: General Framework
422: Method (not fully automated)";678: Handling of schema mappings among any two schemata;Schema mappings among schema versions for XML data;eXolutio: Methodology for Design and Evolution of XML Schemas Using Conceptual Modeling.;Jakub Klímek, Jakub Malý, Martin Necaský, Irena Holubová;2015;Informatica;Journal Articles;https://dblp.org/rec/journals/informaticaLT/KlimekMNH15;http://content.iospress.com/articles/informatica/inf1065;453-472;26;3;;;
journals/infsof/DominguezLPRRZ11;2-s2.0-78049527350;303;401, 422;632;303: XML;"401: General Framework
422: Method (not fully automated)";632: Guaranteeing the correctness/validity of conceptual and logical schema coevolution;XML schema evolution via a conceptual model, and synchronization of the two;Evolution of XML schemas and documents from stereotyped UML class models: A traceable approach.;Eladio Domínguez, Jorge Lloret, Beatriz Pérez , Áurea Rodríguez, Ángel Luis Rubio, María Antonia Zapata;2011;Inf. Softw. Technol.;Journal Articles;https://dblp.org/rec/journals/infsof/DominguezLPRRZ11;https://doi.org/10.1016/j.infsof.2010.08.001;34-50;53;1;;;10.1016/J.INFSOF.2010.08.001
journals/infsof/GrolingerC11;2-s2.0-78751575316;302;431;622;302: Relational;431: Tool;622: Impact to external source code when the logical schema changes;Method for generating unit tests to test source consistency inthe presence of evolving database schemata;A unit test approach for database schema evolution.;Katarina Grolinger, Miriam A. M. Capretz;2011;Inf. Softw. Technol.;Journal Articles;https://dblp.org/rec/journals/infsof/GrolingerC11;https://doi.org/10.1016/j.infsof.2010.10.002;159-170;53;2;;;10.1016/J.INFSOF.2010.10.002
journals/infsof/SuarezOteroMST25;2-s2.0-105011178140;;;;;;;;Data migration for column family database evolution.;Pablo Suárez-Otero, Michael J. Mior, María José Suárez-Cabal, Javier Tuya;2025;Inf. Softw. Technol.;Journal Articles;https://dblp.org/rec/journals/infsof/SuarezOteroMST25;https://doi.org/10.1016/j.infsof.2025.107834;107834;187;;;;10.1016/J.INFSOF.2025.107834
journals/is/QuintarelliRT15;2-s2.0-84919762827;309;411;611, 634;309: Other;411: Algebra;"611: SMOs/Languages/Rigorous Models for schema evolution
634: Guaranteeing the correctness/validity of schema constraints during evolution";Model for context schema and algebra for its evolution;A principled approach to context schema evolution in a data management perspective.;Elisa Quintarelli, Emanuele Rabosio, Letizia Tanca;2015;Inf. Syst.;Journal Articles;https://dblp.org/rec/journals/is/QuintarelliRT15;https://doi.org/10.1016/j.is.2014.11.008;65-101;49;;;;10.1016/J.IS.2014.11.008
journals/is/VassiliadisK22;2-s2.0-85135933984;;;;;;;;Taxa and super taxa of schema evolution and their relationship to activity, heartbeat and duration.;Panos Vassiliadis, George Kalampokis;2022;Inf. Syst.;Journal Articles;https://dblp.org/rec/journals/is/VassiliadisK22;https://doi.org/10.1016/j.is.2022.102109;102109;110;;;;10.1016/J.IS.2022.102109
journals/is/VassiliadisZS17;2-s2.0-84983028444;302;402;650;302: Relational;402: Empirical Study;650: Understanding how schemata evolve;Case study on patterns of how tables change;Gravitating to rigidity: Patterns of schema evolution - and its absence - in the lives of tables.;Panos Vassiliadis, Apostolos V. Zarras, Ioannis Skoulis;2017;Inf. Syst.;Journal Articles;https://dblp.org/rec/journals/is/VassiliadisZS17;https://doi.org/10.1016/j.is.2016.06.010;24-46;63;;;;10.1016/J.IS.2016.06.010
journals/is/ZhaoL13;2-s2.0-84878253052;309;431, 422;677;309: Other;"431: Tool
422: Method (not fully automated)";677: Schema version management techniques;Version management for (the schema of) business processes, not data;Version management for business process schema evolution.;Xiaohui Zhao , Chengfei Liu;2013;Inf. Syst.;Journal Articles;https://dblp.org/rec/journals/is/ZhaoL13;https://doi.org/10.1016/j.is.2013.03.006;1046-1069;38;8;;;10.1016/J.IS.2013.03.006
journals/isf/HerrmannVRBL18;2-s2.0-85010756258;302;411, 413;611, 612;302: Relational;"411: Algebra
413: Language";"611: SMOs/Languages/Rigorous Models for schema evolution
612: SMO composition";Algebra of SMOs and method for their composition;Robust and simple database evolution.;Kai Herrmann , Hannes Voigt, Jonas Rausch, Andreas Behrend, Wolfgang Lehner;2018;Inf. Syst. Frontiers;Journal Articles;https://dblp.org/rec/journals/isf/HerrmannVRBL18;https://doi.org/10.1007/s10796-016-9730-2;45-61;20;1;;;10.1007/S10796-016-9730-2
journals/isse/MarksS13;2-s2.0-84881548251;302;422, 431;642;302: Relational;"422: Method (not fully automated)
431: Tool";642: Cross vendor data migration;Language and tool to describe schema cross-vendor migration with XML-encoded deltas;A metadata driven approach to performing complex heterogeneous database schema migrations.;Robert M. Marks, Roy Sterritt;2013;Innov. Syst. Softw. Eng.;Journal Articles;https://dblp.org/rec/journals/isse/MarksS13;https://doi.org/10.1007/s11334-013-0217-8;179-190;9;3;;;10.1007/S11334-013-0217-8
journals/jd/LiS18;2-s2.0-85035201702;;;;;;;EXCLUDE? Method for tracking provenance in evolving metadata schemata. Loosely related to schema evolution???;Provenance description of metadata application profiles for long-term maintenance of metadata schemas.;Chunqiu Li, Shigeo Sugimoto;2018;J. Documentation;Journal Articles;https://dblp.org/rec/journals/jd/LiS18;https://doi.org/10.1108/JD-03-2017-0042;36-61;74;1;;;10.1108/JD-03-2017-0042
journals/jdm/LiuTC13a;2-s2.0-84887481105;302;499;622;302: Relational;499: Other;622: Impact to external source code when the logical schema changes;Graph model how attributes depend upon each other in the presence of applications with SQL statements;Aiding Maintenance of Database Applications Through Extracting Attribute Dependency Graph.;Kaiping Liu, Hee Beng Kuan Tan, Xu Chen;2013;J. Database Manag.;Journal Articles;https://dblp.org/rec/journals/jdm/LiuTC13a;https://doi.org/10.4018/jdm.2013010102;20-35;24;1;;;10.4018/JDM.2013010102
journals/jdwm/AhmedZVW21;2-s2.0-85117043359;;;;;;;;Schema Evolution in Multiversion Data Warehouses.;Waqas Ahmed , Esteban Zimányi, Alejandro A. Vaisman, Robert Wrembel;2021;Int. J. Data Warehous. Min.;Journal Articles;https://dblp.org/rec/journals/jdwm/AhmedZVW21;https://doi.org/10.4018/ijdwm.2021100101;Ιαν-28;17;4;;;10.4018/IJDWM.2021100101
journals/jodsn/VassiliadisZ17;2-s2.0-85034660907;302;402;650;302: Relational;402: Empirical Study;650: Understanding how schemata evolve;Case study on patterns of how tables die, and how tables change;"Schema Evolution Survival Guide for Tables: Avoid Rigid Childhood and You&apos;re En Route to a Quiet Life.";Panos Vassiliadis, Apostolos V. Zarras;2017;J. Data Semant.;Journal Articles;https://dblp.org/rec/journals/jodsn/VassiliadisZ17;https://doi.org/10.1007/s13740-017-0083-x;221-241;6;4;;;10.1007/S13740-017-0083-X
journals/jss/OvereemSJB21;2-s2.0-85104285415;;;;;;;;An empirical characterization of event sourced systems and their schema evolution - Lessons from industry.;Michiel Overeem, Marten Spoor, Slinger Jansen, Sjaak Brinkkemper;2021;J. Syst. Softw.;Journal Articles;https://dblp.org/rec/journals/jss/OvereemSJB21;https://doi.org/10.1016/j.jss.2021.110970;110970;178;;;;10.1016/J.JSS.2021.110970
journals/jss/RamosVidalACLPP25;2-s2.0-85211229375;;;;;;;;SPL-DB-Sync: Seamless database transformation during feature-driven changes.;Delfina Ramos-Vidal, Wesley K. G. Assunção, Alejandro Cortiñas , Miguel R. Luaces, Oscar Pedreira, Ángeles Saavedra Places;2025;J. Syst. Softw.;Journal Articles;https://dblp.org/rec/journals/jss/RamosVidalACLPP25;https://doi.org/10.1016/j.jss.2024.112285;112285;222;;;;10.1016/J.JSS.2024.112285
journals/jss/SuarezOteroMCT23;2-s2.0-85160005806;;;;;;;;CoDEvo: Column family database evolution using model transformations.;Pablo Suárez-Otero, Michael J. Mior, María José Suárez-Cabal, Javier Tuya;2023;J. Syst. Softw.;Journal Articles;https://dblp.org/rec/journals/jss/SuarezOteroMCT23;https://doi.org/10.1016/j.jss.2023.111743;111743;203;;;;10.1016/J.JSS.2023.111743
journals/programming/EdwardsPSL24;2-s2.0-85212498950;;;;;;;;Schema Evolution in Interactive Programming Systems.;Jonathan Edwards, Tomas Petricek , Tijs van der Storm, Geoffrey Litt;2024;Art Sci. Eng. Program.;Journal Articles;https://dblp.org/rec/journals/programming/EdwardsPSL24;https://doi.org/10.22152/programming-journal.org/2025/9/2;;9;1;;;10.22152/PROGRAMMING-JOURNAL.ORG/2025/9/2
journals/pvldb/AntonopoulosCDJKKKOPRST25;2-s2.0-105016541198;;;;;;;;MD-MVCC: Multi-version Concurrency Control for Schema Changes in Azure SQL Database.;Panagiotis Antonopoulos, Mansi Chauhan, Shailender Dabas, Rajat Jain, Darshan Kattera, Wonseok Kim, Hanuma Kodavalla, Nikolas Ogg, Prashanth Purnananda, Rahul Ranjan, Alex Swanson, Divyesh Tikmani;2025;Proc. VLDB Endow.;Journal Articles;https://dblp.org/rec/journals/pvldb/AntonopoulosCDJKKKOPRST25;https://www.vldb.org/pvldb/vol18/p4791-antonopoulos.pdf;4791-4803;18;12;;;
journals/pvldb/Hu0Z22;2-s2.0-85143426554;;;;;;;;Online Schema Evolution is (almost) Free for Snapshot Databases.;Tianxun Hu, Tianzheng Wang , Qingqing Zhou;2022;Proc. VLDB Endow.;Journal Articles;https://dblp.org/rec/journals/pvldb/Hu0Z22;https://www.vldb.org/pvldb/vol16/p140-hu.pdf;140-153;16;2;;;10.14778/3565816.3565818
journals/pvldb/RaeRSSV13;2-s2.0-84891043875;305;432;677, 634;305: NoSQL (Graph/ JSON/Key-Value/Other);432: DBMS internal mechanism;"677: Schema version management techniques
634: Guaranteeing the correctness/validity of schema constraints during evolution";Protocol for asynchronous schema evolution in a distributed system without data corruption;Online, Asynchronous Schema Change in F1.;Ian Rae, Eric Rollins, Jeff Shute, Sukhdeep S. Sodhi, Radek Vingralek;2013;Proc. VLDB Endow.;Journal Articles;https://dblp.org/rec/journals/pvldb/RaeRSSV13;http://www.vldb.org/pvldb/vol6/p1045-rae.pdf;1045-1056;6;11;;;10.14778/2536222.2536230
journals/pvldb/ZhangQSTGSL25;2-s2.0-105021397911;;;;;;;;EVOSCHEMA: TOWARDS TEXT-TO-SQL ROBUSTNESS AGAINST SCHEMA EVOLUTION.;Tianshu Zhang , Kun Qian , Siddhartha Sahai, Yuan Tian, Shaddy Garg, Huan Sun , Yunyao Li;2025;Proc. VLDB Endow.;Journal Articles;https://dblp.org/rec/journals/pvldb/ZhangQSTGSL25;https://www.vldb.org/pvldb/vol18/p3655-zhang.pdf;3655-3668;18;10;;;
journals/scp/CleveGMMW15;2-s2.0-84910118991;302;402;650;302: Relational;402: Empirical Study;650: Understanding how schemata evolve;Case study on schema evolution;Understanding database schema evolution: A case study.;Anthony Cleve, Maxime Gobert , Loup Meurice, Jerome Maes, Jens H. Weber;2015;Sci. Comput. Program.;Journal Articles;https://dblp.org/rec/journals/scp/CleveGMMW15;https://doi.org/10.1016/j.scico.2013.11.025;113-121;97;;;;10.1016/J.SCICO.2013.11.025
journals/sncs/AkazawaMS22;2-s2.0-85129703354;;;;;;;;An Algorithm for Transforming Property Path Query Based on Shape Expression Schema Update.;Goki Akazawa, Naoto Matsubara, Nobutaka Suzuki;2022;SN Comput. Sci.;Journal Articles;https://dblp.org/rec/journals/sncs/AkazawaMS22;https://doi.org/10.1007/s42979-022-01086-0;196;3;3;;;10.1007/S42979-022-01086-0
journals/sosym/MilovanovicM15;2-s2.0-84940960925;301, 302;431, 422;632, 678;"301: Conceptual (ER/UML/Other)
302: Relational";"431: Tool
422: Method (not fully automated)";"632: Guaranteeing the correctness/validity of conceptual and logical schema coevolution
678: Handling of schema mappings among any two schemata";Tool and method to synchronize schema evolution with the evolution of the class/UML model on top of it;An interactive tool for UML class model evolution in database applications.;Vukasin Milovanovic, Dragan Milicev;2015;Softw. Syst. Model.;Journal Articles;https://dblp.org/rec/journals/sosym/MilovanovicM15;https://doi.org/10.1007/s10270-013-0378-9;1273-1295;14;3;;;10.1007/S10270-013-0378-9
journals/spe/PereiraPO17;2-s2.0-84973664231;304;431;631;304: Object Oriented DBs;431: Tool;631: Guaranteeing the correctness/validity of schema and application code coevolution;Aspect-oriented tool for supporting schema and software co-evolution, as well as data migration;Modularizing application and database evolution - an aspect-oriented framework for orthogonal persistence.;Rui Humberto R. Pereira, J. Baltasar García Pérez-Schofield, Francisco Ortin;2017;Softw. Pract. Exp.;Journal Articles;https://dblp.org/rec/journals/spe/PereiraPO17;https://doi.org/10.1002/spe.2415;193-221;47;2;;;10.1002/SPE.2415
journals/tkde/ChillonKRM24;2-s2.0-85184819638;;;;;;;;A Generic Schema Evolution Approach for NoSQL and Relational Databases.;Alberto Hernández Chillón, Meike Klettke, Diego Sevilla Ruiz, Jesús García Molina;2024;IEEE Trans. Knowl. Data Eng.;Journal Articles;https://dblp.org/rec/journals/tkde/ChillonKRM24;https://doi.org/10.1109/TKDE.2024.3362273;2774-2789;36;7;;;10.1109/TKDE.2024.3362273
journals/toit/GenevesLQ11;2-s2.0-80051945758;303;422, 431, 411;621;303: XML;"422: Method (not fully automated)
431: Tool
411: Algebra";621: Impact to peripheral constructs when the core schema changes;Data migration and query rewritting for evolving XML documents;Impact of XML Schema Evolution.;Pierre Genevès, Nabil Layaïda, Vincent Quint;2011;ACM Trans. Internet Techn.;Journal Articles;https://dblp.org/rec/journals/toit/GenevesLQ11;https://doi.org/10.1145/1993083.1993087;4:1-4:27;11;1;;;10.1145/1993083.1993087
journals/tosem/PerezRZ25;2-s2.0-86000540022;;;;;;;;PROV-IDEA: Supporting Interoperable Schema and Data Provenance within Database Evolution.;Beatriz Pérez , Ángel Luis Rubio, María A. Zapata;2025;ACM Trans. Softw. Eng. Methodol.;Journal Articles;https://dblp.org/rec/journals/tosem/PerezRZ25;https://doi.org/10.1145/3697008;59:1-59:27;34;3;;;10.1145/3697008
journals/tse/PiccioniOM13;2-s2.0-84873323832;304;402, 431, 421;650;304: Object Oriented DBs;"402: Empirical Study
431: Tool
421: Algorithm (fully automated)";650: Understanding how schemata evolve;Case studies on how persistent OO data change and tool for version management and data migration;Class Schema Evolution for Persistent Object-Oriented Software: Model, Empirical Study, and Automated Support.;Marco Piccioni, Manuel Oriol, Bertrand Meyer;2013;IEEE Trans. Software Eng.;Journal Articles;https://dblp.org/rec/journals/tse/PiccioniOM13;https://doi.org/10.1109/TSE.2011.123;184-196;39;2;;;10.1109/TSE.2011.123
journals/tweb/BleifussBNS25;2-s2.0-105018576205;;;;;;;;Schema Change Recommendation for User-Curated Webtables Using Temporal Data.;Tobias Bleifuß, Leon Bornemann, Felix Naumann, Divesh Srivastava;2025;ACM Trans. Web;Journal Articles;https://dblp.org/rec/journals/tweb/BleifussBNS25;https://doi.org/10.1145/3742920;29:1-29:29;19;3;;;10.1145/3742920
journals/vldb/CurinoMDZ13;2-s2.0-84872670627;302;412, 411, 413, 421;633, 634, 611, 650, 646;302: Relational;"412: Theoretical Proof
411: Algebra
413: Language
421: Algorithm (fully automated)";"633: Guaranteeing the correctness/validity of peripheral constructs during evolution
634: Guaranteeing the correctness/validity of schema constraints during evolution
611: SMOs/Languages/Rigorous Models for schema evolution
650: Understanding how schemata evolve
646: Data migration virtually via query/view rewriting";Case study, algebra and language for SMOs , data migration and query rewritting;Automating the database schema evolution process.;Carlo Curino, Hyun Jin Moon, Alin Deutsch, Carlo Zaniolo;2013;VLDB J.;Journal Articles;https://dblp.org/rec/journals/vldb/CurinoMDZ13;https://doi.org/10.1007/s00778-012-0302-x;73-98;22;1;;;10.1007/S00778-012-0302-X
